genre,decade,n_works,n_distinct_authors,top_authors_works_involved,top_author_share_of_works,n_collaborative_works,n_anonymous_works,translators_works_involved,counting_rule
comedy,1520–1529,1,1,"Heywood, John 1",1.0,0,0,,works involved per name (a collaborative work counts once for each of its authors; the counts are not exclusive and do not add up to n_works)
comedy,1530–1539,1,1,"Udall, Nicholas 1",1.0,0,0,,works involved per name (a collaborative work counts once for each of its authors; the counts are not exclusive and do not add up to n_works)
comedy,1550–1559,2,2,"Stevenson, William 1; Udall, Nicholas 1",0.5,0,0,,works involved per name (a collaborative work counts once for each of its authors; the counts are not exclusive and do not add up to n_works)
comedy,1560–1569,2,2,"Edwards, Richard 1; Ariosto, Ludovico 1",0.5,1,0,"Gascoigne, George 1",works involved per name (a collaborative work counts once for each of its authors; the counts are not exclusive and do not add up to n_works)
comedy,1570–1579,2,1,"Whetstone, George 2",1.0,0,0,,works involved per name (a collaborative work counts once for each of its authors; the counts are not exclusive and do not add up to n_works)
comedy,1580–1589,10,4,"Lyly, John 7; Terence (Publius Terentius Afer) 1; Pasqualigo, Luigi 1; Greene, Robert 1",0.7,2,0,"Kyffin, Maurice 1; Munday, Anthony 1",works involved per name (a collaborative work counts once for each of its authors; the counts are not exclusive and do not add up to n_works)
comedy,1590–1599,20,8,"Shakespeare, William 8; Jonson, Ben 3; Porter, Henry 1; Marston, John 1",0.4,0,3,,works involved per name (a collaborative work counts once for each of its authors; the counts are not exclusive and do not add up to n_works)
comedy,1600–1609,45,16,"Middleton, Thomas 7; Dekker, Thomas 6; Chapman, George 6; Marston, John 5",0.156,6,7,,works involved per name (a collaborative work counts once for each of its authors; the counts are not exclusive and do not add up to n_works)
comedy,1610–1619,20,16,"Jonson, Ben 4; Fletcher, John 4; Middleton, Thomas 2; Dekker, Thomas 2",0.2,4,0,,works involved per name (a collaborative work counts once for each of its authors; the counts are not exclusive and do not add up to n_works)
comedy,1620–1629,22,16,"Shirley, James 4; Heywood, Thomas 3; Massinger, Philip 2; Jonson, Ben 2",0.182,1,0,,works involved per name (a collaborative work counts once for each of its authors; the counts are not exclusive and do not add up to n_works)
comedy,1630–1639,26,11,"Shirley, James 11; Marmion, Shackerley 2; Jonson, Ben 2; Nabbes, Thomas 2",0.423,1,0,,works involved per name (a collaborative work counts once for each of its authors; the counts are not exclusive and do not add up to n_works)
tragedy,1550–1559,1,1,"Seneca, Lucius Annaeus 1",1.0,1,0,"Heywood, Jasper 1",works involved per name (a collaborative work counts once for each of its authors; the counts are not exclusive and do not add up to n_works)
tragedy,1560–1569,14,14,"Seneca, Lucius Annaeus 8; B., R. 1; Preston, Thomas 1; Norton, Thomas 1",0.571,11,0,"Studley, John 4; Heywood, Jasper 2; Gascoigne, George 1; Kinwelmershe, Francis 1; Yelverton, Christopher 1; Nuce, Thomas 1; Neville, Alexander 1",works involved per name (a collaborative work counts once for each of its authors; the counts are not exclusive and do not add up to n_works)
tragedy,1570–1579,1,1,"Beza, Theodore 1",1.0,1,0,"Golding, Arthur 1",works involved per name (a collaborative work counts once for each of its authors; the counts are not exclusive and do not add up to n_works)
tragedy,1580–1589,12,8,"Marlowe, Christopher 5; Nashe, Thomas 1; Peele, George 1; Hughes, Thomas 1",0.417,4,3,"Newton, Thomas 1",works involved per name (a collaborative work counts once for each of its authors; the counts are not exclusive and do not add up to n_works)
tragedy,1590–1599,12,13,"Shakespeare, William 4; Garnier, Robert 2; Sidney Herbert, Mary 1; Daniel, Samuel 1",0.333,5,1,"Herbert, Mary Sidney 1; Kyd, Thomas 1",works involved per name (a collaborative work counts once for each of its authors; the counts are not exclusive and do not add up to n_works)
tragedy,1600–1609,29,14,"Shakespeare, William 8; Middleton, Thomas 4; Alexander, William 4; Chapman, George 3",0.276,3,1,,works involved per name (a collaborative work counts once for each of its authors; the counts are not exclusive and do not add up to n_works)
tragedy,1610–1619,19,20,"Fletcher, John 3; Massinger, Philip 3; Chapman, George 2; Field, Nathan 2",0.158,8,2,,works involved per name (a collaborative work counts once for each of its authors; the counts are not exclusive and do not add up to n_works)
tragedy,1620–1629,13,9,"Massinger, Philip 3; Davenant, William 2; May, Thomas 2; Dekker, Thomas 2",0.231,1,0,,works involved per name (a collaborative work counts once for each of its authors; the counts are not exclusive and do not add up to n_works)
tragedy,1630–1639,9,8,"Shirley, James 2; Nabbes, Thomas 1; Freeman, Ralph 1; Ford, John 1",0.222,0,0,,works involved per name (a collaborative work counts once for each of its authors; the counts are not exclusive and do not add up to n_works)
tragedy,1640–1649,1,1,"Harding, Samuel 1",1.0,0,0,,works involved per name (a collaborative work counts once for each of its authors; the counts are not exclusive and do not add up to n_works)
history,1580–1589,4,0,,,0,4,,works involved per name (a collaborative work counts once for each of its authors; the counts are not exclusive and do not add up to n_works)
history,1590–1599,18,9,"Shakespeare, William 10; Marlowe, Christopher 4; Heywood, Thomas 2; Peele, George 2",0.556,5,6,,works involved per name (a collaborative work counts once for each of its authors; the counts are not exclusive and do not add up to n_works)
history,1600–1609,6,7,"Heywood, Thomas 3; Chapman, George 1; Dekker, Thomas 1; Chettle, Henry 1",0.5,1,0,,works involved per name (a collaborative work counts once for each of its authors; the counts are not exclusive and do not add up to n_works)
history,1610–1619,3,4,"Fisher, Jasper 1; Shakespeare, William 1; Fletcher, John 1; A., R. 1",0.333,1,0,,works involved per name (a collaborative work counts once for each of its authors; the counts are not exclusive and do not add up to n_works)
history,1620–1629,2,2,"Drue, Thomas 1; W., J. 1",0.5,0,0,,works involved per name (a collaborative work counts once for each of its authors; the counts are not exclusive and do not add up to n_works)
history,1630–1639,1,1,"Jonson, Ben 1",1.0,0,0,,works involved per name (a collaborative work counts once for each of its authors; the counts are not exclusive and do not add up to n_works)
