work_id,title,genre_main,source_used,date_raw_used,adopted_year,lower_limit,upper_limit,decade_main,decade_by_lower_limit,decade_by_upper_limit,flags
15,The Play of the Weather,comedy,British Drama,1528 [1519-1528],1528,1519,1528,1520–1529,1510–1519,1520–1529,
86,Fedele and Fortunia (Two Italian Gentlemen),comedy,British Drama,1583 [1579-1584],1583,1579,1584,1580–1589,1570–1579,1580–1589,
144,The Woman in the Moon,comedy,British Drama,1588 [1587-1590],1588,1587,1590,1580–1589,1580–1589,1590–1599,
121,Friar Bacon and Friar Bongay,comedy,British Drama,1589 [1588-1592],1589,1588,1592,1580–1589,1580–1589,1590–1599,
106,Midas,comedy,British Drama,1589 [1589-1590],1589,1589,1590,1580–1589,1580–1589,1590–1599,
125,Mother Bombie,comedy,British Drama,1589 [1587-1590],1589,1587,1590,1580–1589,1580–1589,1590–1599,
113,"Fair Em, the Miller's Daughter of Manchester",comedy,British Drama,1590 [1589-1591],1590,1589,1591,1590–1599,1580–1589,1590–1599,
393,The Comedy of Errors,comedy,British Drama,1592 [1589-1593],1592,1589,1593,1590–1599,1580–1589,1590–1599,
120.5,The Taming of the Shrew,comedy,British Drama,1592 [1589-1592],1592,1589,1592,1590–1599,1580–1589,1590–1599,
391,The Two Gentlemen of Verona,comedy,British Drama,1594 [1587-1598],1594,1587,1598,1590–1599,1580–1589,1590–1599,
187,The Merry Wives of Windsor,comedy,British Drama,1597 [1597-1602] [revised after 1606],1597,1597,1602,1590–1599,1590–1599,1600–1609,revised (accompanying event)
184,Antonio and Mellida,comedy,British Drama,1599 [autumn] [1599-1601],1599,1599,1601,1590–1599,1590–1599,1600–1609,
174,Look About You,comedy,British Drama,1599 [1598-1600],1599,1598,1600,1590–1599,1590–1599,1600–1609,
394,As You Like It,comedy,British Drama,1600 [1598-1600],1600,1598,1600,1600–1609,1590–1599,1600–1609,
191,How a Man May Choose a Good Wife from a Bad,comedy,British Drama,1601 [1595-1602],1601,1595,1602,1600–1609,1590–1599,1600–1609,
299,A Woman Is a Weathercock,comedy,British Drama,1609 [Dec] [1609-1610],1609,1609,1610,1600–1609,1600–1609,1610–1619,
304,"Epicene, or The Silent Woman",comedy,British Drama,1610 [Jan] [1609-1610],1610,1609,1610,1610–1619,1600–1609,1610–1619,
334,The Scornful Lady,comedy,British Drama,1610 [1609-1612],1610,1609,1612,1610–1619,1600–1609,1610–1619,
515,The Elder Brother,comedy,British Drama,1618 [1615-1625],1618,1615,1625,1610–1619,1610–1619,1620–1629,
556,"The Sophister (Fallacy, or The Troubles of Great Hermenia)",comedy,British Drama,1620 [1610-1631],1620,1610,1631,1620–1629,1610–1619,1630–1639,
508,The Wonder of A Kingdom,comedy,British Drama,1622 [1619-1631],1622,1619,1631,1620–1629,1610–1619,1630–1639,
535,The Wise Woman of Hogsdon,comedy,British Drama,1623 [1613-1638],1623,1613,1638,1620–1629,1610–1619,1630–1639,
460,"A New Wonder, A Woman Never Vexed",comedy,British Drama,1624 [1611-1626],1624,1611,1626,1620–1629,1610–1619,1620–1629,
561,A New Trick to Cheat the Devil,comedy,British Drama,1626 [1624-1634],1626,1624,1634,1620–1629,1620–1629,1630–1639,
474,A New Way to Pay Old Debts,comedy,British Drama,1626 [1626-1632],1626,1626,1632,1620–1629,1620–1629,1630–1639,
580,"The Knave in Grain, New Vamped",comedy,British Drama,1626 [1625-1639],1626,1625,1639,1620–1629,1620–1629,1630–1639,
493,A Maidenhead Well Lost,comedy,British Drama,1629 [1625-1634],1629,1625,1634,1620–1629,1620–1629,1630–1639,
592,The Constant Maid (Love Will Find Out the Way),comedy,Annals,1638 [1630(?)-1640],1638,1630,1640,1630–1639,1630–1639,1640–1649,queried limit
101,1 The Troublesome Reign of King John,history,British Drama,1589 [1587-1591],1589,1587,1591,1580–1589,1580–1589,1590–1599,
102,2 The Troublesome Reign of King John,history,British Drama,1589 [1587-1591],1589,1587,1591,1580–1589,1580–1589,1590–1599,
213,The True Chronicle of King Leir (King Lear and his Three Daughters),history,British Drama,1589 [1586-1594],1589,1586,1594,1580–1589,1580–1589,1590–1599,
126,The True Tragedy of Richard the Third,history,British Drama,1589 [1588-1591],1589,1588,1591,1580–1589,1580–1589,1590–1599,
114,Jack Straw,history,British Drama,1590 [1580-1593],1590,1580,1593,1590–1599,1580–1589,1590–1599,
160,The Love of King David and Fair Bathsheba,history,British Drama,1590 [1584-1594],1590,1584,1594,1590–1599,1580–1589,1590–1599,
119,2 Henry the Sixth (The First Part of the Contention betwixt the Two Famous Houses of York and Lancaster),history,British Drama,1591 [1587-1592],1591,1587,1592,1590–1599,1580–1589,1590–1599,
138,3 Henry the Sixth (The True Tragedy of Richard Duke of York and the Good King Henry the Sixth),history,British Drama,1591 [1587-1592],1591,1587,1592,1590–1599,1580–1589,1590–1599,
167,2 Henry the Fourth,history,British Drama,1597 [1596-1600],1597,1596,1600,1590–1599,1590–1599,1600–1609,
192,"A Larum for London, or The Siege of Antwerp",history,British Drama,1599 [summer] [1594-1600],1599,1594,1600,1590–1599,1590–1599,1600–1609,
189,Thomas Lord Cromwell,history,British Drama,1601 [1599-1602],1601,1599,1602,1600–1609,1590–1599,1600–1609,
482,Fuimus Troes (The True Trojans),history,British Drama,1619 [1607-1624],1619,1607,1624,1610–1619,1600–1609,1620–1629,
520,The Valiant Scot,history,British Drama,1626 [1607-1637],1626,1607,1637,1620–1629,1600–1609,1630–1639,
615,Mortimer His Fall,history,Annals,1637 [1595-1637],1637,1595,1637,1630–1639,1590–1599,1630–1639,
32,Robin Hood (Robin Hood and the Friar) (Robin Hood and the Potter),interlude,British Drama,1560 ([May? Nov?] [1553-1569],1560,1553,1569,1560–1569,1550–1559,1560–1569,queried detail
514,Microcosmus,masque,British Drama,1636 [spring] [1629-1637],1636,1629,1637,1630–1639,1620–1629,1630–1639,
31,Nice Wanton,moral,British Drama,1550 [1547-1553],1550,1547,1553,1550–1559,1540–1549,1550–1559,
54,The Disobedient Child,moral,British Drama,1550 [1533-1553],1550,1533,1553,1550–1559,1530–1539,1550–1559,
47,The Life and Repentance of Mary Magdalene,moral,British Drama,1550 [1547-1553 or 1558-1562],1550,1547,1562,1550–1559,1540–1549,1560–1569,alternative limits
38,Albion Knight,moral,British Drama,1565 [1537-1538 or 1559-1565],1565,1537,1565,1560–1569,1530–1539,1560–1569,alternative limits
57,Enough Is as Good as a Feast,moral,British Drama,1568 [1563-1570],1568,1563,1570,1560–1569,1560–1569,1570–1579,
78,The Conflict of Conscience,moral,British Drama,1572 [1570-1581],1572,1570,1581,1570–1579,1570–1579,1580–1589,
70,The Tide Tarrieth No Man,moral,British Drama,1576 [1560-1576],1576,1560,1576,1570–1579,1560–1569,1570–1579,
72,All for Money,moral,British Drama,1577 [1559-1577],1577,1559,1577,1570–1579,1550–1559,1570–1579,
93,The Three Lords and Three Ladies of London,moral,British Drama,1588 [1588-1590],1588,1588,1590,1580–1589,1580–1589,1590–1599,
118,A Looking Glass for London and England,moral,British Drama,1589 [1589-1591],1589,1589,1591,1580–1589,1580–1589,1590–1599,
124,The Cobbler's Prophecy,moral,British Drama,1592 [1589-1593],1592,1589,1593,1590–1599,1580–1589,1590–1599,
473,The Contention for Honor and Riches,moral,British Drama,1629 [1628-1632],1629,1628,1632,1620–1629,1620–1629,1630–1639,
8,1 Gentleness and Nobility,other/multi,Annals,1527 [c.1527-1530],1527,1527,1530,1520–1529,1520–1529,1530–1539,circa limit
9,2 Gentleness and Nobility,other/multi,Annals,1527 [c.1527-1530],1527,1527,1530,1520–1529,1520–1529,1530–1539,circa limit
10,The Beauty and Good Properties of Women (Calisto and Melebea) (Celestina),other/multi,Annals,1527 [c.1527-1530],1527,1527,1530,1520–1529,1520–1529,1530–1539,circa limit
618,"The Sad Shepherd, or A Tale of Robin Hood",other/multi,Annals,1637 [c.1612-1637],1637,1612,1637,1630–1639,1610–1619,1630–1639,circa limit
593,1 Saint Patrick for Ireland,other/multi,Annals,1639 [c.1637-1640],1639,1637,1640,1630–1639,1630–1639,1640–1649,circa limit
178,Love's Metamorphosis,pastoral,British Drama,1590 [1585-1590],1590,1585,1590,1590–1599,1580–1589,1590–1599,
183,"Il Pastor Fido, or The Faithful Shepherd",pastoral,British Drama,1601 [1590-1601],1601,1590,1601,1600–1609,1590–1599,1600–1609,
499,The Shepherds' Holiday,pastoral,British Drama,1633 [1629-1635],1633,1629,1635,1630–1639,1620–1629,1630–1639,
149,The Scottish History of James the Fourth,romance,British Drama,1590 [1588-1592],1590,1588,1592,1590–1599,1580–1589,1590–1599,
158,"George a Green, the Pinner of Wakefield",romance,British Drama,1591 [Oct] [1587-1592],1591,1587,1592,1590–1599,1580–1589,1590–1599,
123,Orlando Furioso,romance,British Drama,1591 [perhaps Feb] [1588-1592],1591,1588,1592,1590–1599,1580–1589,1590–1599,
137,The Old Wives Tale,romance,British Drama,1592 [1588-1595],1592,1588,1595,1590–1599,1580–1589,1590–1599,
439,The Spanish Bawd (Calisto and Meliboea) (Celestina),romance,British Drama,1598 [Oct] [1595-1611],1598,1595,1611,1590–1599,1590–1599,1610–1619,
210,The Trial of Chivalry (This Gallant Cavaliero Dick Bowyer),romance,British Drama,1599 [1599-1600],1599,1599,1600,1590–1599,1590–1599,1600–1609,
516,The Royal King and the Loyal Subject,romance,British Drama,1606 [1605-1618],1606,1605,1618,1600–1609,1600–1609,1610–1619,
406,"Cymbeline, King of Britain",romance,British Drama,1610 [1609-1611],1610,1609,1611,1610–1619,1600–1609,1610–1619,
545,The Seven Champions of Christendom,romance,British Drama,1634 [spring] [1625-1634],1634,1625,1634,1630–1639,1620–1629,1630–1639,
584,The Strange Discovery,romance,British Drama,1635 [1606-1640],1635,1606,1640,1630–1639,1600–1609,1640–1649,
65,Appius and Virginia,tragedy,British Drama,1566 [1559-1567],1566,1559,1567,1560–1569,1550–1559,1560–1569,
48,The Interlude of Vice (Orestes),tragedy,British Drama,1567 [1559-1567],1567,1559,1567,1560–1569,1550–1559,1560–1569,
56,"Cambises, King of Persia",tragedy,British Drama,1569 [autumn] [1559-1569],1569,1559,1569,1560–1569,1550–1559,1560–1569,
110,The Spanish Tragedy (Hieronimo is Mad Again),tragedy,British Drama,1587 [1585-1591],1587,1585,1591,1580–1589,1580–1589,1590–1599,
128,"Dido, Queen of Carthage",tragedy,British Drama,1588 [1587-1590],1588,1587,1590,1580–1589,1580–1589,1590–1599,
131,"The Wars of Cyrus, King of Persia",tragedy,British Drama,1588 [1587-1590],1588,1587,1590,1580–1589,1580–1589,1590–1599,
475,The Jew of Malta,tragedy,British Drama,1589 [1589-1590],1589,1589,1590,1580–1589,1580–1589,1590–1599,
107,Master Arden of Faversham in Kent,tragedy,British Drama,1590 [1587-1592],1590,1587,1592,1590–1599,1580–1589,1590–1599,
117,Titus Andronicus,tragedy,British Drama,1592 [1584-1594],1592,1584,1594,1590–1599,1580–1589,1590–1599,
133,The Massacre at Paris,tragedy,British Drama,1593 [Jan] [1589-1593],1593,1589,1593,1590–1599,1580–1589,1590–1599,
278,Mustapha,tragedy,British Drama,1596 [1594-1600] [revised c. 1607-1610],1596,1594,1600,1590–1599,1590–1599,1600–1609,later revision dates ignored; revised (accompanying event)
221,"1 Jeronimo, with the Wars of Portugal",tragedy,British Drama,1600 [1587-1605],1600,1587,1605,1600–1609,1580–1589,1600–1609,
489,Alaham,tragedy,British Drama,1600 [1598-1600],1600,1598,1600,1600–1609,1590–1599,1600–1609,
444,Caesar and Pompey (The Wars of Caesar and Pompey),tragedy,British Drama,1606 [1599-1631],1606,1599,1631,1600–1609,1590–1599,1630–1639,
404,Macbeth,tragedy,British Drama,1606 [1606-1611],1606,1606,1611,1600–1609,1600–1609,1610–1619,
254,"The Devil's Charter, or Pope Alexander the Sixth",tragedy,British Drama,1606 [1599-1607],1606,1599,1607,1600–1609,1590–1599,1600–1609,
328,Cupid's Revenge,tragedy,British Drama,1607 [1606-1611],1607,1606,1611,1600–1609,1600–1609,1610–1619,
567,The Bloody Banquet,tragedy,British Drama,1610 [1605-1613(?)],1610,1605,1613,1610–1619,1600–1609,1610–1619,queried limit
315,The Insatiate Countess,tragedy,British Drama,1610 [1608-1613],1610,1608,1613,1610–1619,1600–1609,1610–1619,
307,The Revenge of Bussy D'Ambois,tragedy,British Drama,1610 [1609-1612],1610,1609,1612,1610–1619,1600–1609,1610–1619,
550,"Chabot, Admiral of France",tragedy,British Drama,1612 [1611-1634] [revised 1635],1612,1611,1634,1610–1619,1610–1619,1630–1639,revised (accompanying event)
565,"The Bloody Brother (Rollo, Duke of Normandy)",tragedy,British Drama,1617 [1617-1620],1617,1617,1620,1610–1619,1610–1619,1620–1629,
368,Thierry and Theodoret,tragedy,British Drama,1617 [1613-1621],1617,1613,1621,1610–1619,1610–1619,1620–1629,
471,All's Lost by Lust,tragedy,British Drama,1619 [1619-1620(?)],1619,1619,1620,1610–1619,1610–1619,1620–1629,queried limit
382,Herod and Antipater,tragedy,British Drama,1619 [1619-1620],1619,1619,1620,1610–1619,1610–1619,1620–1629,
410,Nero (Piso's Conspiracy),tragedy,British Drama,1619 [1605-1623],1619,1605,1623,1610–1619,1600–1609,1620–1629,
464,The Fatal Dowry,tragedy,British Drama,1619 [1616-1620],1619,1616,1620,1610–1619,1610–1619,1620–1629,
485,Orestes,tragedy,British Drama,1620 [1609-1623],1620,1609,1623,1620–1629,1600–1609,1620–1629,
490,"The Noble Spanish Soldier (The Noble Soldier, or A Contract Broken Justly Revenged)",tragedy,British Drama,1622 [1621-1631],1622,1621,1631,1620–1629,1620–1629,1630–1639,
559,The Unnatural Combat,tragedy,British Drama,1626 [summer] [1623-1639],1626,1623,1639,1620–1629,1620–1629,1630–1639,
450,"Antigone, the Theban Princess",tragedy,British Drama,1627 [1627-1631],1627,1627,1631,1620–1629,1620–1629,1630–1639,
510,"The Vow Breaker, or The Fair Maid of Clifton",tragedy,British Drama,1628 [c.1628-1636],1628,1628,1636,1620–1629,1620–1629,1630–1639,circa limit
480,The Broken Heart,tragedy,British Drama,1629 [1625-1633],1629,1625,1633,1620–1629,1620–1629,1630–1639,
478,Love's Sacrifice,tragedy,British Drama,1632 [1626-1633],1632,1626,1633,1630–1639,1620–1629,1630–1639,
582,The Rebellion,tragedy,British Drama,1633 [1629-1636],1633,1629,1636,1630–1639,1620–1629,1630–1639,
569,The Phoenix in Her Flames,tragedy,Annals,1639 [c.1622-1639],1639,1622,1639,1630–1639,1620–1629,1630–1639,circa limit
363,"Philaster, or Love Lies a-Bleeding",tragicomedy,British Drama,1609 [1608-1610],1609,1608,1610,1600–1609,1600–1609,1610–1619,
590,The Ladies' Privilege (The Lady's Privilege),tragicomedy,Annals,1637 [1637-1640],1637,1637,1640,1630–1639,1630–1639,1640–1649,
