scope,grouping,n_moved,n_1490–1499,n_1500–1509,n_1510–1519,n_1520–1529,n_1530–1539,n_1540–1549,n_1550–1559,n_1560–1569,n_1570–1579,n_1580–1589,n_1590–1599,n_1600–1609,n_1610–1619,n_1620–1629,n_1630–1639,n_1640–1649
all,main,0,2,0,3,7,4,0,10,23,11,33,69,113,81,73,84,2
all,lower limit,60,2,0,4,6,6,2,12,19,10,50,60,116,78,73,75,2
all,upper limit,61,2,0,3,4,7,0,9,23,11,20,75,114,78,67,96,6
comedy,main,0,0,0,0,1,1,0,2,2,2,10,20,45,20,22,26,0
comedy,lower limit,14,0,0,1,0,1,0,2,2,3,13,18,45,22,18,26,0
comedy,upper limit,17,0,0,0,1,1,0,2,2,2,6,21,47,20,16,32,1
tragedy,main,0,0,0,0,0,0,0,1,14,1,12,12,29,19,13,9,1
tragedy,lower limit,18,0,0,0,0,0,0,4,11,1,16,12,30,15,15,6,1
tragedy,upper limit,20,0,0,0,0,0,0,1,14,1,8,15,27,14,14,16,1
history,main,0,0,0,0,0,0,0,0,0,0,4,18,6,3,2,1,0
history,lower limit,8,0,0,0,0,0,0,0,0,0,8,16,7,2,1,0,0
history,upper limit,8,0,0,0,0,0,0,0,0,0,0,20,8,2,2,2,0
