work_id,title,genre_main,source_used,date_brit_raw,date_annals_raw,adopted_year,sources_differ,decade_main,note
73,1 Promos and Cassandra,comedy,British Drama,1577 [1575-1578],1578 [1576-1579],1577,differ by 1 (same decade),1570–1579,kept as listed; no further dating research this round
74,2 Promos and Cassandra,comedy,British Drama,1577 [1575-1578],1578 [1576-1579],1577,differ by 1 (same decade),1570–1579,kept as listed; no further dating research this round
481,A Fine Companion,comedy,British Drama,1632 [1632-1633],1633 [1632-1633],1632,differ by 1 (same decade),1630–1639,kept as listed; no further dating research this round
276,"A Mad World, My Masters",comedy,British Drama,1605 [1605-1606],1606 [1604-1607],1605,differ by 1 (same decade),1600–1609,kept as listed; no further dating research this round
493,A Maidenhead Well Lost,comedy,British Drama,1629 [1625-1634],1633 [c.1625-1634],1629,differ by 4 (different decade),1620–1629,kept as listed; no further dating research this round
170,A Midsummer Night's Dream,comedy,British Drama,1595 [1594-1598],1596 [1594-1596],1595,differ by 1 (same decade),1590–1599,kept as listed; no further dating research this round
561,A New Trick to Cheat the Devil,comedy,British Drama,1626 [1624-1634],1625 [c.1624-1639],1626,differ by 1 (same decade),1620–1629,kept as listed; no further dating research this round
474,A New Way to Pay Old Debts,comedy,British Drama,1626 [1626-1632],1625,1626,differ by 1 (same decade),1620–1629,kept as listed; no further dating research this round
460,"A New Wonder, A Woman Never Vexed",comedy,British Drama,1624 [1611-1626],1611 [1611-1614],1624,differ by 13 (different decade),1620–1629,kept as listed; no further dating research this round
219,All Fools,comedy,British Drama,1604 [late],1601,1604,differ by 3 (same decade),1600–1609,kept as listed; no further dating research this round
356,Amends for Ladies,comedy,British Drama,1610 [1610-1611],1611 [c.1610-1611],1610,differ by 1 (same decade),1610–1619,kept as listed; no further dating research this round
91,Andria (The Woman from Andros),comedy,British Drama,1587 [Dec],1588,1587,differ by 1 (same decade),1580–1589,kept as listed; no further dating research this round
394,As You Like It,comedy,British Drama,1600 [1598-1600],1599 [1598-1599],1600,differ by 1 (different decade),1600–1609,kept as listed; no further dating research this round
542,Covent Garden,comedy,British Drama,1634 [Feb] [1633-1634],1633,1634,differ by 1 (same decade),1630–1639,kept as listed; no further dating research this round
304,"Epicene, or The Silent Woman",comedy,British Drama,1610 [Jan] [1609-1610],1609,1610,differ by 1 (different decade),1610–1619,kept as listed; no further dating research this round
86,Fedele and Fortunia (Two Italian Gentlemen),comedy,British Drama,1583 [1579-1584],1584 [1579-1584],1583,differ by 1 (same decade),1580–1589,kept as listed; no further dating research this round
105,Gallathea,comedy,British Drama,1584 [1584-1585],1585 [1583-1585],1584,differ by 1 (same decade),1580–1589,kept as listed; no further dating research this round
354,Hans Beer-Pot (See Me and See Me Not),comedy,British Drama,1617 [Nov],1618,1617,differ by 1 (same decade),1610–1619,kept as listed; no further dating research this round
191,How a Man May Choose a Good Wife from a Bad,comedy,British Drama,1601 [1595-1602],1602 [c.1601-1602],1601,differ by 1 (same decade),1600–1609,kept as listed; no further dating research this round
268,Humor Out of Breath,comedy,British Drama,1607 [1606-1608],1608 [1607-1608],1607,differ by 1 (same decade),1600–1609,kept as listed; no further dating research this round
150,Love's Labor's Lost,comedy,British Drama,1596 [1594-1597],c.1595,1596,differ by 1 (same decade),1590–1599,kept as listed; no further dating research this round
297,May Day,comedy,British Drama,1604 [1601-1608],1602 [1601-1602],1604,differ by 2 (same decade),1600–1609,kept as listed; no further dating research this round
244,Michaelmas Term,comedy,British Drama,1604 [1604-1607],1606 [1604-1606],1604,differ by 2 (same decade),1600–1609,kept as listed; no further dating research this round
125,Mother Bombie,comedy,British Drama,1589 [1587-1590],1591 [1587-1591],1589,differ by 2 (different decade),1580–1589,kept as listed; no further dating research this round
230,"Parasitaster, or The Fawn",comedy,British Drama,1605 [1603-1606],1604,1605,differ by 1 (same decade),1600–1609,kept as listed; no further dating research this round
82,Sappho and Phao,comedy,British Drama,1584 [early],c.1583,1584,differ by 1 (same decade),1580–1589,kept as listed; no further dating research this round
568,The City Match,comedy,British Drama,1636 [Sep],1637 [1637-1638(?)],1636,differ by 1 (same decade),1630–1639,kept as listed; no further dating research this round
214,The Dutch Courtesan (Cockle de Moye),comedy,British Drama,1604 [summer] [1603-1605],1605 [1603-1605],1604,differ by 1 (same decade),1600–1609,kept as listed; no further dating research this round
515,The Elder Brother,comedy,British Drama,1618 [1615-1625],1625(?),1618,differ by 7 (different decade),1610–1619,kept as listed; no further dating research this round
263,The Family of Love,comedy,British Drama,1607 [1606-1607],1603 [c.1603-1607],1607,differ by 4 (same decade),1600–1609,kept as listed; no further dating research this round
532,The Fancies Chaste and Noble,comedy,British Drama,1636 [1635-1636],1635 [1635-1636],1636,differ by 1 (same decade),1630–1639,kept as listed; no further dating research this round
337,The Honest Lawyer,comedy,British Drama,1614 [1612-1615],1615 [c.1614-1615],1614,differ by 1 (same decade),1610–1619,kept as listed; no further dating research this round
580,"The Knave in Grain, New Vamped",comedy,British Drama,1626 [1625-1639],c.1625 [revised c.1632],1626,differ by 1 (same decade),1620–1629,kept as listed; no further dating research this round
264,The Merry Devil of Edmonton,comedy,British Drama,1603 [1602-1604],1602 [1599-1604],1603,differ by 1 (same decade),1600–1609,kept as listed; no further dating research this round
574,"The Night Walker, or The Little Thief",comedy,British Drama,1615 [1613-1616] [revised 1633],"c.1611(?) [revised by Shirley and re-licensed for stage, May 11, 1633]",1615,differ by 4 (same decade),1610–1619,kept as listed; no further dating research this round
334,The Scornful Lady,comedy,British Drama,1610 [1609-1612],1613 [1613-1616],1610,differ by 3 (same decade),1610–1619,kept as listed; no further dating research this round
556,"The Sophister (Fallacy, or The Troubles of Great Hermenia)",comedy,British Drama,1620 [1610-1631],1614 [c.1614-1620],1620,differ by 6 (different decade),1620–1629,kept as listed; no further dating research this round
120,The Taming of a Shrew,comedy,British Drama,1594 [April] [1592-1594],1592 [c.1592-1594],1594,differ by 2 (same decade),1590–1599,kept as listed; no further dating research this round
391,The Two Gentlemen of Verona,comedy,British Drama,1594 [1587-1598],1593 [c.1593-1594],1594,differ by 1 (same decade),1590–1599,kept as listed; no further dating research this round
285,The Two Maids of More-Clacke,comedy,British Drama,1608 [1607-1608],1606 [c.1606-1608],1608,differ by 2 (same decade),1600–1609,kept as listed; no further dating research this round
301,The Widow's Tears,comedy,British Drama,1605 [1603-1605],1604 [1604-1605],1605,differ by 1 (same decade),1600–1609,kept as listed; no further dating research this round
535,The Wise Woman of Hogsdon,comedy,British Drama,1623 [1613-1638],c.1604(?),1623,differ by 19 (different decade),1620–1629,kept as listed; no further dating research this round
144,The Woman in the Moon,comedy,British Drama,1588 [1587-1590],1593 [1590-1595],1588,differ by 5 (different decade),1580–1589,kept as listed; no further dating research this round
508,The Wonder of A Kingdom,comedy,British Drama,1622 [1619-1631],1631 [1619-1631],1622,differ by 9 (different decade),1620–1629,kept as listed; no further dating research this round
540,Tottenham Court,comedy,British Drama,1633 [May] [1633-1634],1634 [1633-1634],1633,differ by 1 (same decade),1630–1639,kept as listed; no further dating research this round
399,1 Henry the Sixth,history,British Drama,1592 [Mar],1590,1592,differ by 2 (same decade),1590–1599,kept as listed; no further dating research this round
101,1 The Troublesome Reign of King John,history,British Drama,1589 [1587-1591],1591,1589,differ by 2 (different decade),1580–1589,kept as listed; no further dating research this round
119,2 Henry the Sixth (The First Part of the Contention betwixt the Two Famous Houses of York and Lancaster),history,British Drama,1591 [1587-1592],c.1590,1591,differ by 1 (same decade),1590–1599,kept as listed; no further dating research this round
224,2 If You Know Not Me You Know Nobody (The Second Part of Queen Elizabeth's Troubles),history,British Drama,1604 [1603-1605],1605 [1604-1605; revised c.1632],1604,differ by 1 (same decade),1600–1609,kept as listed; no further dating research this round
102,2 The Troublesome Reign of King John,history,British Drama,1589 [1587-1591],1591,1589,differ by 2 (different decade),1580–1589,kept as listed; no further dating research this round
482,Fuimus Troes (The True Trojans),history,British Drama,1619 [1607-1624],1625 [c.1611-1633],1619,differ by 6 (different decade),1610–1619,kept as listed; no further dating research this round
400,Henry the Eighth (All Is True),history,British Drama,1612 [1611-1613],1613 [Jun],1612,differ by 1 (same decade),1610–1619,kept as listed; no further dating research this round
114,Jack Straw,history,British Drama,1590 [1580-1593],1591 [1590-1593],1590,differ by 1 (same decade),1590–1599,kept as listed; no further dating research this round
398,King John,history,British Drama,1596 [1594-1598],1591 [1590-1591],1596,differ by 5 (same decade),1590–1599,kept as listed; no further dating research this round
142,Richard the Third,history,British Drama,1593 [autumn] [1591-1597],1592 [1591-1592],1593,differ by 1 (same decade),1590–1599,kept as listed; no further dating research this round
256,The Famous History of Sir Thomas Wyatt,history,British Drama,1601 [autumn],1602,1601,differ by 1 (same decade),1600–1609,kept as listed; no further dating research this round
160,The Love of King David and Fair Bathsheba,history,British Drama,1590 [1584-1594],1594 [1593-1594],1590,differ by 4 (same decade),1590–1599,kept as listed; no further dating research this round
140,The Reign of King Edward the Third,history,British Drama,1593 [1590-1594],1590 [c.1590-1595],1593,differ by 3 (same decade),1590–1599,kept as listed; no further dating research this round
213,The True Chronicle of King Leir (King Lear and his Three Daughters),history,British Drama,1589 [1586-1594],1590 [c.1588-1594],1589,differ by 1 (different decade),1580–1589,kept as listed; no further dating research this round
126,The True Tragedy of Richard the Third,history,British Drama,1589 [1588-1591],1591 [1588-1594],1589,differ by 2 (different decade),1580–1589,kept as listed; no further dating research this round
327,The Valiant Welshman (Caradoc the Great),history,British Drama,1611 [1610-1612],1612 [1610-1615],1611,differ by 1 (same decade),1610–1619,kept as listed; no further dating research this round
189,Thomas Lord Cromwell,history,British Drama,1601 [1599-1602],1600 [c.1599-1602],1601,differ by 1 (same decade),1600–1609,kept as listed; no further dating research this round
348,Mercury Vindicated from the Alchemists at Court,masque,British Drama,1615 [Jan 6],1616 [Jan 1],1615,differ by 1 (same decade),1610–1619,kept as listed; no further dating research this round
514,Microcosmus,masque,British Drama,1636 [spring] [1629-1637],1637,1636,differ by 1 (same decade),1630–1639,kept as listed; no further dating research this round
611,"Pan's Anniversary, or The Shepherds' Holiday",masque,British Drama,1621 [Jan 6],1620 [Jun 19(?)] [incorrect],1621,differ by 1 (same decade),1620–1629,kept as listed; no further dating research this round
349,The Golden Age Restored,masque,British Drama,1616 [Jan 1],1615 [Jan 6] [incorrect],1616,differ by 1 (same decade),1610–1619,kept as listed; no further dating research this round
118,A Looking Glass for London and England,moral,British Drama,1589 [1589-1591],1588 [1587-1588],1589,differ by 1 (same decade),1580–1589,kept as listed; no further dating research this round
38,Albion Knight,moral,British Drama,1565 [1537-1538 or 1559-1565],1537 [c.1537-1566],1565,differ by 28 (different decade),1560–1569,kept as listed; no further dating research this round
57,Enough Is as Good as a Feast,moral,British Drama,1568 [1563-1570],1560 [c.1559-c.1570],1568,differ by 8 (same decade),1560–1569,kept as listed; no further dating research this round
290,"Histriomastix, or The Player Whipped",moral,British Drama,1601 [Christmas 1601-1602] [1600-1603],1599 [1598-1599],1601,differ by 2 (different decade),1600–1609,kept as listed; no further dating research this round
30,Impatient Poverty,moral,British Drama,1556 [1554-1558],1547 [c.1547-1558],1556,differ by 9 (different decade),1550–1559,kept as listed; no further dating research this round
239,"Lingua, or The Combat of the Tongue and the Five Senses for Superiority",moral,British Drama,1606 [1602-1607],1607 [1602-1607],1606,differ by 1 (same decade),1600–1609,kept as listed; no further dating research this round
41,Lusty Juventus,moral,British Drama,1551 [1550-1553],1550 [1547-1553],1551,differ by 1 (same decade),1550–1559,kept as listed; no further dating research this round
124,The Cobbler's Prophecy,moral,British Drama,1592 [1589-1593],1590 [c.1589-1593],1592,differ by 2 (same decade),1590–1599,kept as listed; no further dating research this round
473,The Contention for Honor and Riches,moral,British Drama,1629 [1628-1632],1631 [c.1625-1632; adapted 1658],1629,differ by 2 (different decade),1620–1629,kept as listed; no further dating research this round
54,The Disobedient Child,moral,British Drama,1550 [1533-1553],1560 [c.1559-1570],1550,differ by 10 (different decade),1550–1559,kept as listed; no further dating research this round
47,The Life and Repentance of Mary Magdalene,moral,British Drama,1550 [1547-1553 or 1558-1562],1558 [c.1550-1566],1550,differ by 8 (same decade),1550–1559,kept as listed; no further dating research this round
76.5,The Most Virtuous and Godly Susanna,moral,British Drama,1578 [Aug 18],1569 [1563-1569],1578,differ by 9 (different decade),1570–1579,kept as listed; no further dating research this round
326,"A Merry Dialogue between Band, Cuff, and Ruff",other/multi,British Drama,1614 [1613-1615],1615,1614,differ by 1 (same decade),1610–1619,kept as listed; no further dating research this round
16,A Play of Love,other/multi,British Drama,1529,1534 [1533-1534],1529,differ by 5 (different decade),1520–1529,kept as listed; no further dating research this round
51,Jacob and Esau,other/multi,British Drama,1553 [1553-1557],1554 [c.1550-1557],1553,differ by 1 (same decade),1550–1559,kept as listed; no further dating research this round
370,The Entertainment at Bunhill on the Shooting Day (The Archer),other/multi,British Drama,1620 [Sep(?)],1621 [1620-1621],1620,differ by 1 (same decade),1620–1629,kept as listed; no further dating research this round
374,The Entertainment at Sir Francis Jones's Welcome (Comus the Great Sir of Feasts) (The Servant of Comus),other/multi,British Drama,1620 [late Oct or early Nov],1621 [1620-1621],1620,differ by 1 (same decade),1620–1629,kept as listed; no further dating research this round
369,The Entertainment at Sir William Cokayne's in Easter Week (The Cock),other/multi,British Drama,1620 [Apr 17 or 18],1621 [1620-1621],1620,differ by 1 (same decade),1620–1629,kept as listed; no further dating research this round
371,The Entertainment at the Conduit Head (The Water Nymph),other/multi,British Drama,1620 [Sep 18(?)],1621 [1620-1621],1620,differ by 1 (same decade),1620–1629,kept as listed; no further dating research this round
372,The Entertainment for the General Training (Pallas),other/multi,British Drama,1620 [late Sep(?)],1621 [1620-1621],1620,differ by 1 (same decade),1620–1629,kept as listed; no further dating research this round
21,The Four P's,other/multi,British Drama,1528 [late 1520s],1520 [c.1520-1522],1528,differ by 8 (same decade),1520–1529,kept as listed; no further dating research this round
294,"The Golden Age, or The Lives of Jupiter and Saturn",other/multi,British Drama,1611,1610 [1609-1611],1611,differ by 1 (same decade),1610–1619,kept as listed; no further dating research this round
329,"The Hector of Germany, or The Palsgrave, Prime Elector",other/multi,British Drama,1613 [1613-1615],1614 [c.1614-1615],1613,differ by 1 (same decade),1610–1619,kept as listed; no further dating research this round
20,The Interlude of Youth,other/multi,British Drama,1513 [c.1513-1514],1514 [1513-1514],1513,differ by 1 (same decade),1510–1519,kept as listed; no further dating research this round
202,The Magnificent Entertainment Given to King James (The Royal Entry of King James I into London),other/multi,British Drama,1603 [planned for May],1604 [Mar 15],1603,differ by 1 (same decade),1600–1609,kept as listed; no further dating research this round
14,"The Pardoner and the Friar, the Curate, and Neighbor Pratte",other/multi,British Drama,1528 [late 1520s],1519 [1513-1521],1528,differ by 9 (different decade),1520–1529,kept as listed; no further dating research this round
331,"Work for Cutlers (Sword, Rapier, and Dagger)",other/multi,British Drama,1614 [1614-1615],1615 [1614-1615],1614,differ by 1 (same decade),1610–1619,kept as listed; no further dating research this round
417,Aminta,pastoral,British Drama,1627 [Nov],1628,1627,differ by 1 (same decade),1620–1629,kept as listed; no further dating research this round
539,Love's Riddle,pastoral,British Drama,1634 [1630-1636],1633 [c.1633-1636],1634,differ by 1 (same decade),1630–1639,kept as listed; no further dating research this round
83,The Arraignment of Paris,pastoral,British Drama,1584 [early] [1581-1584],1581 [c.1581-1584],1584,differ by 3 (same decade),1580–1589,kept as listed; no further dating research this round
499,The Shepherds' Holiday,pastoral,British Drama,1633 [1629-1635],1634 [1633-1635],1633,differ by 1 (same decade),1630–1639,kept as listed; no further dating research this round
531,A Shoemaker a Gentleman,romance,British Drama,1618 [1617-1619],1608 [1607-1609],1618,differ by 10 (different decade),1610–1619,kept as listed; no further dating research this round
406,"Cymbeline, King of Britain",romance,British Drama,1610 [1609-1611],1609 [c.1608-1611],1610,differ by 1 (different decade),1610–1619,kept as listed; no further dating research this round
158,"George a Green, the Pinner of Wakefield",romance,British Drama,1591 [Oct] [1587-1592],1590 [1587-1591],1591,differ by 1 (same decade),1590–1599,kept as listed; no further dating research this round
151,Mucedorus (and Amadine),romance,British Drama,1591 [1590-1598],1590 [1588-1598; revised 1610],1591,differ by 1 (same decade),1590–1599,kept as listed; no further dating research this round
284,"Pericles, Prince of Tyre",romance,British Drama,1607 [1606-1608],1608 [1606-1608],1607,differ by 1 (same decade),1600–1609,kept as listed; no further dating research this round
333,The Four Prentices of London,romance,British Drama,1602 [autumn] [1601-1607],1594,1602,differ by 8 (different decade),1600–1609,kept as listed; no further dating research this round
137,The Old Wives Tale,romance,British Drama,1592 [1588-1595],1590 [c.1588-1594],1592,differ by 2 (same decade),1590–1599,kept as listed; no further dating research this round
516,The Royal King and the Loyal Subject,romance,British Drama,1606 [1605-1618],1602 [1602-1618],1606,differ by 4 (same decade),1600–1609,kept as listed; no further dating research this round
545,The Seven Champions of Christendom,romance,British Drama,1634 [spring] [1625-1634],1635 [1634-1638],1634,differ by 1 (same decade),1630–1639,kept as listed; no further dating research this round
439,The Spanish Bawd (Calisto and Meliboea) (Celestina),romance,British Drama,1598 [Oct] [1595-1611],1631,1598,differ by 33 (different decade),1590–1599,kept as listed; no further dating research this round
584,The Strange Discovery,romance,British Drama,1635 [1606-1640],1640 [1624-1640],1635,differ by 5 (different decade),1630–1639,kept as listed; no further dating research this round
210,The Trial of Chivalry (This Gallant Cavaliero Dick Bowyer),romance,British Drama,1599 [1599-1600],1601 [1599-1604],1599,differ by 2 (different decade),1590–1599,kept as listed; no further dating research this round
397,The Winter's Tale,romance,British Drama,1611,1610 [c.1610-1611],1611,differ by 1 (same decade),1610–1619,kept as listed; no further dating research this round
221,"1 Jeronimo, with the Wars of Portugal",tragedy,British Drama,1600 [1587-1605],1604 [1600-1605],1600,differ by 4 (same decade),1600–1609,kept as listed; no further dating research this round
95,2 Tamburlaine the Great,tragedy,British Drama,1587 [autumn],1588 [1587-1588],1587,differ by 1 (same decade),1580–1589,kept as listed; no further dating research this round
300,A Christian Turned Turk (The Two Famous Pirates),tragedy,British Drama,1611 [1610-1612],1610 [1609-1612],1611,differ by 1 (same decade),1610–1619,kept as listed; no further dating research this round
272,A Yorkshire Tragedy,tragedy,British Drama,1605 [1605-1608],1606 [1605-1608],1605,differ by 1 (same decade),1600–1609,kept as listed; no further dating research this round
422,"Albovine, King of the Lombards",tragedy,British Drama,1626 [1626-1629],1628 [1626-1629],1626,differ by 2 (same decade),1620–1629,kept as listed; no further dating research this round
405,Antony and Cleopatra,tragedy,British Drama,1606 [1606-1607],1607 [c.1606-1608],1606,differ by 1 (same decade),1600–1609,kept as listed; no further dating research this round
65,Appius and Virginia,tragedy,British Drama,1566 [1559-1567],1564 [1559-1567],1566,differ by 2 (same decade),1560–1569,kept as listed; no further dating research this round
444,Caesar and Pompey (The Wars of Caesar and Pompey),tragedy,British Drama,1606 [1599-1631],"1605 [1602-1605; Act 2, sc. 1 written 1610-1611(?)]",1606,differ by 1 (same decade),1600–1609,kept as listed; no further dating research this round
56,"Cambises, King of Persia",tragedy,British Drama,1569 [autumn] [1559-1569],1561 [c.1558-1569],1569,differ by 8 (same decade),1560–1569,kept as listed; no further dating research this round
328,Cupid's Revenge,tragedy,British Drama,1607 [1606-1611],1608 [c.1607-1608],1607,differ by 1 (same decade),1600–1609,kept as listed; no further dating research this round
128,"Dido, Queen of Carthage",tragedy,British Drama,1588 [1587-1590],1586 [c.1585-1586; possibly 1591],1588,differ by 2 (same decade),1580–1589,kept as listed; no further dating research this round
205,Doctor Faustus,tragedy,British Drama,1588 [1587-1589] [revised 1602],1592 [1592-1593],1588,differ by 4 (different decade),1580–1589,kept as listed; no further dating research this round
197,"Hamlet, Prince of Denmark",tragedy,British Drama,1600 [1600-1602],1601 [1600-1601],1600,differ by 1 (same decade),1600–1609,kept as listed; no further dating research this round
382,Herod and Antipater,tragedy,British Drama,1619 [1619-1620],1622 [c.1619-1622],1619,differ by 3 (different decade),1610–1619,kept as listed; no further dating research this round
438,"Hoffman, or A Revenge for a Father",tragedy,British Drama,1603 [early],"1602 [Dec 29, payment]",1603,differ by 1 (same decade),1600–1609,kept as listed; no further dating research this round
136,"Locrine, the Eldest Son of King Brutus",tragedy,British Drama,1591 [1590-1594],c.1594,1591,differ by 3 (same decade),1590–1599,kept as listed; no further dating research this round
107,Master Arden of Faversham in Kent,tragedy,British Drama,1590 [1587-1592],1591 [1588-1592],1590,differ by 1 (same decade),1590–1599,kept as listed; no further dating research this round
36,Oedipus (Seneca's Fifth Tragedy),tragedy,British Drama,1560 [1560-1563],1563,1560,differ by 3 (same decade),1560–1569,kept as listed; no further dating research this round
485,Orestes,tragedy,British Drama,1620 [1609-1623],1617 [c.1613-c.1618],1620,differ by 3 (different decade),1620–1629,kept as listed; no further dating research this round
143,Romeo and Juliet,tragedy,British Drama,1595 [1593-1596],1596 [1594-1596],1595,differ by 1 (same decade),1590–1599,kept as listed; no further dating research this round
109,Soliman and Perseda (Zulziman),tragedy,British Drama,1588 [1588-1589],1592 [c.1589-1592],1588,differ by 4 (different decade),1580–1589,kept as listed; no further dating research this round
104,Tancred and Gismund (Gismond of Salerne),tragedy,British Drama,1568 [Apr] [1566 or 1568-1569],1567 [1567-1568; revised 1591],1568,differ by 1 (same decade),1560–1569,kept as listed; no further dating research this round
293,"The Atheist's Tragedy, or The Honest Man's Revenge",tragedy,British Drama,1610 [1610-1611],1611 [1607-1611],1610,differ by 1 (same decade),1610–1619,kept as listed; no further dating research this round
127,The Battle of Alcazar,tragedy,British Drama,1588 [1588-1589],1589 [1588-1589],1588,differ by 1 (same decade),1580–1589,kept as listed; no further dating research this round
567,The Bloody Banquet,tragedy,British Drama,1610 [1605-1613(?)],1639 [c.1617-1639],1610,differ by 29 (different decade),1610–1619,kept as listed; no further dating research this round
480,The Broken Heart,tragedy,British Drama,1629 [1625-1633],1630 [c.1630-1633],1629,differ by 1 (different decade),1620–1629,kept as listed; no further dating research this round
389,The Duchess of Malfi,tragedy,British Drama,1613 [1612-1614],1614 [1612-1614; revised 1617-23(?)],1613,differ by 1 (same decade),1610–1619,kept as listed; no further dating research this round
315,The Insatiate Countess,tragedy,British Drama,1610 [1608-1613],1607 [c.1607-1608; revised 1609-1613],1610,differ by 3 (different decade),1610–1619,kept as listed; no further dating research this round
357,The Maid's Tragedy,tragedy,British Drama,1611 [1610-1611],1610 [c.1610-1611],1611,differ by 1 (same decade),1610–1619,kept as listed; no further dating research this round
447,"The Raging Turk, or Bajazet the Second",tragedy,British Drama,1617 [1613-1618(?)],1618 [c.1613-c.1618],1617,differ by 1 (same decade),1610–1619,kept as listed; no further dating research this round
582,The Rebellion,tragedy,British Drama,1633 [1629-1636],1638 [1637-1639],1633,differ by 5 (same decade),1630–1639,kept as listed; no further dating research this round
559,The Unnatural Combat,tragedy,British Drama,1626 [summer] [1623-1639],1624 [1624-1625],1626,differ by 2 (same decade),1620–1629,kept as listed; no further dating research this round
510,"The Vow Breaker, or The Fair Maid of Clifton",tragedy,British Drama,1628 [c.1628-1636],1625 [1625(?)-1636],1628,differ by 3 (same decade),1620–1629,kept as listed; no further dating research this round
117,Titus Andronicus,tragedy,British Drama,1592 [1584-1594],1594 [Jan 23 (24); poss. written 1590-1592],1592,differ by 2 (same decade),1590–1599,kept as listed; no further dating research this round
28,Troas (Seneca's Sixth Tragedy),tragedy,British Drama,1558,1559,1558,differ by 1 (same decade),1550–1559,kept as listed; no further dating research this round
182,Two Lamentable Tragedies,tragedy,British Drama,1595 [1594-1598],1594 [1594-c.1598],1595,differ by 1 (same decade),1590–1599,kept as listed; no further dating research this round
509,A Challenge for Beauty,tragicomedy,British Drama,1634 [1634-1636],1635 [1634-1636],1634,differ by 1 (same decade),1630–1639,kept as listed; no further dating research this round
395,All's Well That Ends Well,tragicomedy,British Drama,1605 [c.1601-1608],1603 [1603-1604],1605,differ by 2 (same decade),1600–1609,kept as listed; no further dating research this round
440,Match Me in London,tragicomedy,British Drama,1621 [1621-1622],"1611 [c.1611-c.1613; re-licensed for stage, Aug 21, 1623]",1621,differ by 10 (different decade),1620–1629,kept as listed; no further dating research this round
392,Measure for Measure,tragicomedy,British Drama,1603 [1603-1604],1604,1603,differ by 1 (same decade),1600–1609,kept as listed; no further dating research this round
583,The Arcadia,tragicomedy,British Drama,1635 [summer] [1630-1636],1640,1635,differ by 5 (different decade),1630–1639,kept as listed; no further dating research this round
388,The Devil's Law Case (When Women Go to Law the Devil Is Full of Business),tragicomedy,British Drama,1618 [1617-1619],1619 [1617-1621],1618,differ by 1 (same decade),1610–1619,kept as listed; no further dating research this round
277,The Dumb Knight,tragicomedy,British Drama,1607 [1607-1608],1608 [1607-1608],1607,differ by 1 (same decade),1600–1609,kept as listed; no further dating research this round
484,The English Traveller,tragicomedy,British Drama,1624 [1623-1624],c.1627,1624,differ by 3 (same decade),1620–1629,kept as listed; no further dating research this round
470,The Maid of Honor,tragicomedy,British Drama,1630 [early],"1621 [1621-1622; prologue, 1629/30(?)]",1630,differ by 9 (different decade),1630–1639,kept as listed; no further dating research this round
203,The Malcontent,tragicomedy,British Drama,1603 [1602-1604],1604 [1602-1604],1603,differ by 1 (same decade),1600–1609,kept as listed; no further dating research this round
