from_name,to_name,relation (reference note; not applied in any table),remark
Lord Chamberlain's (Hunsdon's) Men,King's Men,renamed 1603 (royal patent); same company,
Admiral's (Nottingham's) Men,Prince Henry's Men,renamed 1603/4; same company,
Prince Henry's Men,Prince Palatine's (Palsgrave's) Men,renamed 1613 after Prince Henry's death; same company,
Derby's (Strange's) Men,Lord Chamberlain's (Hunsdon's) Men,Strange's Men (Derby's from 1593) dispersed 1594; several players went to the new Chamberlain's Men — not a renaming,"a later, separate Derby's Men (6th earl) also existed"
Worcester's Men,Queen Anne's Men,renamed 1603/4; same company,
Queen Anne's Men,Red Bull (Revels) Company (first),"after Queen Anne's death (1619) part of the company continued at the Red Bull as the Revels company — continuation, not a clean renaming",
Children of the Chapel (second),Children of the Queen's Revels,renamed 1604 (patent); same Blackfriars boys company,
Children of the Queen's Revels,Lady Elizabeth's Men,Queen's Revels boys (at Whitefriars from 1609) merged into Lady Elizabeth's Men in 1613,"DEEP also writes ""Children of the Queens Revels (Children of the Whitefriars)"""
Lady Elizabeth's Men,Queen Henrietta Maria's Men,"Queen Henrietta Maria's Men (1625, Cockpit) were formed partly from Lady Elizabeth's players — successor, not a renaming",
Children of Paul's (first),Children of Paul's (second),"same institution, two separate phases of playing (c.1575–1590 and 1599–1606/8)",
Children of the Chapel (first) (Oxford's Boys),Children of the Chapel (second),"same institution, two separate phases (1580s; 1600–1604)",
Children of the King's Revels,King's Revels Company,different companies: boys at Whitefriars 1607–9 vs the adult King's Revels of the 1630s (Salisbury Court) — do not merge,
Prince Charles's Men (first),Prince Charles's Men (second),"different companies (1608/10–1625 vs 1631–1642, the second for the future Charles II)",
Queen Henrietta Maria's Men,Beeston's Boys,"Beeston's Boys (King and Queen's Young Company, 1637) succeeded Queen Henrietta Maria's Men at the Cockpit under the same manager — successor, not a renaming",
Red Bull (Revels) Company (first),Red Bull Company (second),DEEP distinguishes two Red Bull companies; relation to be checked in the literature,
