theater_token,kind,n_works,genre_composition,companies_britdrama,companies_annals,annals_year_min,annals_year_max
(no theatre recorded),none,327,comedy 84; tragedy 80; other/multi 66; history 33; moral 27; romance 12; pastoral 9; tragicomedy 9; masque 6; interlude 1,n/a 124; King's Men 25; Unknown 25; Lord Chamberlain's (Hunsdon's) Men 19; not in BritDrama 19; Children of Paul's (second) 12; Admiral's (Nottingham's) Men 11; Children of the King's Revels 8; Derby's (Strange's) Men 8; Queen Anne's Men 8; Children of the Queen's Revels 7; Prince Henry's Men 5; Queen Elizabeth's Men 5; Queen Elizabeth's Men (?) 5; Pembroke's Men 4; Pembroke's Men (?) 4; Children of the Chapel (second) 3; King's Revels Company 3; Queen Henrietta Maria's Men 3; Unacted 3; Worcester's Men 3; Children of Paul's (first) 2; Children of the Chapel (first) (Oxford's Boys) 2; Derby's (Strange's) Men (?) 2; Red Bull (Revels) Company (first) 2; Children of Paul's (first)(?) 1; Children of Paul's (second) (?) 1; Lady Elizabeth's Men 1; Leicester's Men 1; Lord Chamberlain's (Hunsdon's) Men (?) 1; Lord Chamberlain's (Hunsdon's) Men and Children of Paul's (second) 1; Prince Charles's Men (first) 1; Prince Charles's Men (first) (?) 1; Prince Palatine's (Palsgrave's) Men 1; Queen Anne's Men (?) 1; Queen Henrietta Maria's Men (?); Lady Elizabeth's Men (?) 1; Red Bull (Revels) Company (first) (?) 1; Sussex's Men 1; Unacted (?) 1; Unknown (boy company) 1,"n/a 135; King's Men 23; Lord Chamberlain's (Hunsdon's) Men 19; Unknown 16; Children of Paul's (second) 12; Admiral's (Nottingham's) Men 10; Derby's (Strange's) Men 8; Queen Anne's Men 8; Children of the King's Revels 7; Queen Elizabeth's Men (?) 7; Children of the Queen's Revels 6; Unacted (?) 6; Prince Henry's Men 5; Admiral's (Nottingham's) Men (?) 4; Queen Elizabeth's Men 4; Queen Henrietta Maria's Men 4; Unacted 4; Admiral's (Nottingham's) Men (by 1594) 3; Children of Paul's (second) (?) 3; King's Revels Company 3; Pembroke's Men 3; Children of Paul's (first) 2; Children of the Chapel (first) (Oxford's Boys) 2; King's Men (?) 2; Red Bull (Revels) Company (first) 2; Worcester's Men 2; Beeston's Boys (?) 1; Children of the Chapel (second) 1; Children of the Chapel (second) (?) 1; Children of the Chapel (second) or Children of Paul’s (second) 1; Children of the King's Revels (?) 1; Children of the Queen's Revels (?) 1; Derby's (Strange's) Men (?) 1; Derby's (Strange's) Men (?); Pembroke's Men (?) 1; Derby’s (Strange’s) Men (by 1592) 1; King's Men (?); Children of the Queen's Revels (?) 1; King's Men (?); Unknown 1; Lady Elizabeth's Men 1; Lord Chamberlain's (Hunsdon's) Men (?) 1; Lord Chamberlain's (Hunsdon's) Men and Children of Paul's (second) 1; Ogilby's Men 1; Ogilby's Men (?) 1; Pembroke's Men; Sussex's Men 1; Prince Charles's Men (first) 1; Prince Palatine's (Palsgrave's) Men 1; Private, then King's Men 1; Queen Anne's Men (?) 1; Queen Anne's Men (and King's Men [?]) 1; Queen Henrietta Maria's Men (?) 1; Red Bull (Revels) Company (first) (?) 1; Sussex's Men (?); Lord (Hunsdon's) Chamberlain's Men (?) 1; Sussex's Men (by 1593) 1; Worcester's Men (?) 1",1496,1640
before the Court,context,89,masque 31; comedy 20; other/multi 19; tragedy 6; pastoral 5; tragicomedy 5; romance 2; moral 1,n/a 55; King's Men 6; Children of the Chapel (first) (Oxford's Boys) 5; not in BritDrama 5; Children of Paul's (first) 3; Admiral's (Nottingham's) Men 2; Queen Henrietta Maria's Men 2; Children of Paul's (first) (?) 1; Children of Paul's (second) 1; Children of the Chapel (second) 1; Children of the Queen's Revels 1; Children of the Queens Revels (Children of the Whitefriars) (?) 1; King's Revels Company 1; Lord Chamberlain's (Hunsdon's) Men 1; Prince Charles's Men (second) 1; Queen Elizabeth's Men (on tour); Admiral's (Nottingham's) Men (in London) 1; Red Bull (Revels) Company (first) 1; Unknown 1,"n/a 58; King's Men 4; Children of Paul's (first) 3; Children of the Chapel (first) (Oxford's Boys) 3; Unknown 3; Admiral's (Nottingham's) Men 2; Beeston's Boys 2; Children of the Queen's Revels 2; Queen Henrietta Maria's Men 2; Children of Paul's (second) 1; Children of the Chapel (first) (Oxford's Boys); Children of Paul's (first) 1; Children of the Chapel (second) 1; Derby's (Strange's) Men (by 1592) 1; King's Revels Company 1; Prince Charles's Men (second) 1; Private, then King's Men 1; Queen Elizabeth's Men and Derby's (Strange's) Men 1; Red Bull (Revels) Company (first) 1; University, then King's Men 1",1562,1640
Indoor Professional,performance type,81,comedy 43; tragedy 19; tragicomedy 16; masque 1; other/multi 1; romance 1,Queen Henrietta Maria's Men 24; King's Men 16; Children of the Queen's Revels 13; not in BritDrama 7; Lady Elizabeth's Men 5; Prince Charles's Men (second) 3; Unknown 3; Admiral's (Nottingham's) Men 1; Children of Paul's (second) 1; Children of the Chapel (second) 1; Children of the Queen's Revels (?); Children of the King's Revels (?) 1; Children of the Queens Revels (Children of the Whitefriars) (?) 1; King's Revels Company (?) 1; King's Revels Company (?); Prince Charles's Men (second) (?) 1; Prince Charles's Men (first) 1; Red Bull (Revels) Company (first) 1; Red Bull Company (second) 1,"Queen Henrietta Maria's Men 26; King's Men 15; Children of the Queen's Revels 10; Beeston's Boys 5; Children of the Queen's Revels (?) 3; Lady Elizabeth's Men 3; Lady Elizabeth's Men (?) 3; Children of the Chapel (second) 2; Prince Charles's Men (second) 2; Admiral's (Nottingham's) Men 1; Children of Paul's (second) 1; Children of Paul's (second) (?) 1; Derby's (Strange's) Men (by 1592) 1; King's Revels Company (?); Prince Charles's Men (second) (?) 1; Ogilby's Men; Queen Henrietta Maria's Men 1; Prince Charles's Men (first) 1; Prince Charles's Men (second) (?) 1; Prince Charles's Men (second) (?); King's Revels Company (?) 1; Private, then King's Men 1; Queen Anne's Men (?) 1; Red Bull (Revels) Company (first) (?) 1",1589,1640
Phoenix/Cockpit,venue,40,comedy 20; tragicomedy 10; tragedy 8; other/multi 1; romance 1,Queen Henrietta Maria's Men 24; Lady Elizabeth's Men 5; not in BritDrama 5; Unknown 2; Admiral's (Nottingham's) Men 1; Prince Charles's Men (first) 1; Red Bull (Revels) Company (first) 1; Red Bull Company (second) 1,Queen Henrietta Maria's Men 24; Beeston's Boys 5; Lady Elizabeth's Men 3; Lady Elizabeth's Men (?) 2; Admiral's (Nottingham's) Men 1; Derby's (Strange's) Men (by 1592) 1; Prince Charles's Men (first) 1; Prince Charles's Men (second) (?) 1; Queen Anne's Men (?) 1; Red Bull (Revels) Company (first) (?) 1,1589,1640
Blackfriars,venue,30,comedy 16; tragedy 8; tragicomedy 6,King's Men 16; Children of the Queen's Revels 12; Children of the Chapel (second) 1; Unknown 1,"King's Men 15; Children of the Queen's Revels 7; Children of the Queen's Revels (?) 3; Children of the Chapel (second) 2; Children of Paul's (second) (?) 1; Lady Elizabeth's Men (?) 1; Private, then King's Men 1",1601,1637
Outdoor Professional,performance type,27,comedy 8; tragedy 6; tragicomedy 6; romance 4; other/multi 3,King's Men 13; Queen Anne's Men 3; Red Bull (Revels) Company (first) 2; Lady Elizabeth's Men 1; Lord Chamberlain's (Hunsdon's) Men 1; Prince Charles's Men (first) 1; Prince Henry's Men 1; Red Bull Company (second) 1; Unknown 1; Worcester's Men 1; n/a 1; not in BritDrama 1,King's Men 14; Queen Anne's Men 4; Admiral's (Nottingham's) Men 1; Lady Elizabeth's Men 1; Lord Chamberlain's (Hunsdon's) Men 1; Prince Charles's Men (second) (?) 1; Prince Henry's Men 1; Queen Anne's Men (?) 1; Red Bull (Revels) Company (first) 1; Red Bull Company (second) 1; n/a 1,1594,1635
Whitehall,venue,22,masque 12; comedy 3; tragedy 3; pastoral 2; other/multi 1; tragicomedy 1,n/a 12; not in BritDrama 3; King's Men 2; Children of the Queens Revels (Children of the Whitefriars) (?) 1; King's Revels Company 1; Prince Charles's Men (second) 1; Queen Henrietta Maria's Men 1; Unknown 1,"n/a 14; Beeston's Boys 1; Children of the Queen's Revels 1; Derby's (Strange's) Men (by 1592) 1; King's Men 1; King's Revels Company 1; Prince Charles's Men (second) 1; Private, then King's Men 1; Queen Henrietta Maria's Men 1",1562,1640
Globe,venue,15,tragicomedy 5; comedy 4; tragedy 4; other/multi 1; romance 1,King's Men 13; Lord Chamberlain's (Hunsdon's) Men 1; not in BritDrama 1,King's Men 14; Lord Chamberlain's (Hunsdon's) Men 1,1602,1635
at University,context,14,comedy 5; tragedy 3; other/multi 2; pastoral 2; history 1; tragicomedy 1,n/a 13; King's Men 1,"n/a 13; University, then King's Men 1",1553,1636
Red Bull,venue,9,romance 3; other/multi 2; tragedy 2; comedy 1; tragicomedy 1,Queen Anne's Men 3; Red Bull (Revels) Company (first) 2; Prince Charles's Men (first) 1; Red Bull Company (second) 1; Worcester's Men 1; n/a 1,Queen Anne's Men 4; Admiral's (Nottingham's) Men 1; Prince Charles's Men (second) (?) 1; Queen Anne's Men (?) 1; Red Bull (Revels) Company (first) 1; n/a 1,1594,1635
Salisbury Court,venue,6,comedy 5; masque 1,Prince Charles's Men (second) 3; King's Revels Company (?) 1; King's Revels Company (?); Prince Charles's Men (second) (?) 1; not in BritDrama 1,Prince Charles's Men (second) 2; Queen Henrietta Maria's Men 2; King's Revels Company (?); Prince Charles's Men (second) (?) 1; Prince Charles's Men (second) (?); King's Revels Company (?) 1,1631,1638
Whitefriars,venue,4,comedy 2; tragedy 2,Children of the Queen's Revels 2; Children of the Queen's Revels (?); Children of the King's Revels (?) 1; Children of the Queens Revels (Children of the Whitefriars) (?) 1,Children of the Queen's Revels 3; Children of the Queen's Revels (?) 1,1604,1610
Paul's,venue,2,comedy 1; tragedy 1,Children of Paul's (second) 1; Children of the Queen's Revels 1,Children of Paul's (second) 1; Children of the Queen's Revels 1,1604,1604
Fortune,venue,2,comedy 2,Prince Henry's Men 1; Unknown 1,Prince Henry's Men 1; Red Bull Company (second) 1,1611,1625
Swan,venue,1,comedy 1,Lady Elizabeth's Men 1,Lady Elizabeth's Men 1,1613,1613
"St. Werburgh Street, Dublin",venue,1,comedy 1,not in BritDrama 1,Ogilby's Men; Queen Henrietta Maria's Men 1,1637,1637
Curtain,venue,1,other/multi 1,n/a 1,n/a 1,1614,1614
