genre,topic,label,mean_S_full_pct,mean_O_full_pct,diff_full_pp,works_with_topic_S_full,works_with_topic_O_full,mean_S_win_pct,mean_O_win_pct,diff_win_pp,works_with_topic_S_win,works_with_topic_O_win,mean_S_lower_pct,mean_O_lower_pct,diff_lower_pp,works_with_topic_S_lower,works_with_topic_O_lower,mean_S_upper_pct,mean_O_upper_pct,diff_upper_pp,works_with_topic_S_upper,works_with_topic_O_upper,change_in_diff_pp,sign_change
comedy,0,"Court life: dukes, favour and honour",3.8388,4.7628,-0.9239,6/11,41/140,3.8388,3.1741,0.6647,6/11,21/64,4.4284,2.7216,1.7068,5/8,21/69,3.8388,3.0818,0.757,6/11,23/68,1.5886,yes
comedy,1,"Death, grief and revenge",1.3905,1.7809,-0.3904,3/11,42/140,1.3905,1.4778,-0.0873,3/11,19/64,1.5655,1.5091,0.0564,2/8,22/69,1.3905,1.4351,-0.0446,3/11,20/68,0.3031,
comedy,2,"Roman politics: senate, consuls and civil war",0.2466,0.1805,0.0662,1/11,6/140,0.2466,0.2806,-0.034,1/11,3/64,0.3391,0.3031,0.0361,1/8,4/69,0.2466,0.2641,-0.0175,1/11,3/68,-0.1002,yes
comedy,3,"Sickness, physic and doctors",1.3941,2.5373,-1.1432,3/11,40/140,1.3941,2.201,-0.8069,3/11,15/64,1.4857,2.2796,-0.7939,2/8,17/69,1.3941,2.1201,-0.726,3/11,16/68,0.3363,
comedy,4,Love-longing and the lover's complaint,4.3578,1.6232,2.7346,5/11,41/140,4.3578,1.9957,2.3621,5/11,22/64,5.636,1.8511,3.7849,4/8,22/69,4.3578,2.0555,2.3024,5/11,23/68,-0.3725,
comedy,5,"Christian faith, sin and salvation",0.2551,0.1615,0.0936,1/11,7/140,0.2551,0.1809,0.0742,1/11,3/64,0.3508,0.2051,0.1456,1/8,4/69,0.2551,0.1703,0.0848,1/11,3/68,-0.0194,
comedy,6,"Money, debt and credit",2.5389,1.7533,0.7857,2/11,44/140,2.5389,2.1997,0.3392,2/11,24/64,1.3193,2.252,-0.9327,1/8,28/69,2.5389,2.1145,0.4245,2/11,25/68,-0.4465,
comedy,7,The Trojan war: conflict and its aftermath,0.4672,0.2168,0.2504,2/11,4/140,0.4672,0.0666,0.4006,2/11,2/64,0.6424,0.0618,0.5806,2/8,2/69,0.4672,0.0627,0.4045,2/11,2/68,0.1502,
comedy,8,"Captains, gallants and cheats",0.0,1.8587,-1.8587,0/11,27/140,0.0,2.7513,-2.7513,0/11,16/64,0.0,2.5519,-2.5519,0/8,16/69,0.0,2.5894,-2.5894,0/11,16/68,-0.8926,
comedy,9,"Theatre talk: prologues, poets and players",0.2197,1.3745,-1.1547,1/11,41/140,0.2197,1.6689,-1.4491,1/11,22/64,0.3021,1.5479,-1.2458,1/8,22/69,0.2197,1.5707,-1.351,1/11,22/68,-0.2944,
comedy,10,"England and France: war, embassy and peace",0.0,0.0187,-0.0187,0/11,1/140,0.0,0.041,-0.041,0/11,1/64,0.0,0.038,-0.038,0/8,1/69,0.0,0.0385,-0.0385,0/11,1/68,-0.0223,
comedy,11,"Siblings, kin and confidants",0.2222,1.2884,-1.0662,1/11,39/140,0.2222,1.2856,-1.0634,1/11,17/64,0.0,1.3363,-1.3363,0/8,19/69,0.2222,1.2538,-1.0316,1/11,18/68,0.0028,
comedy,12,"Olympian gods: Jupiter, Juno, Venus and Mars",0.2633,0.1821,0.0812,1/11,3/140,0.2633,0.1562,0.1071,1/11,1/64,0.362,0.1449,0.2171,1/8,1/69,0.2633,0.3181,-0.0548,1/11,2/68,0.0259,
comedy,14,"Royal love, favour and dynastic relationships",0.6777,0.2472,0.4305,3/11,9/140,0.6777,0.266,0.4117,3/11,4/64,0.9319,0.2467,0.6851,3/8,4/69,0.6777,0.2504,0.4274,3/11,4/68,-0.0188,
comedy,15,Friars and holy orders in plot,1.1568,0.6589,0.4979,2/11,7/140,1.1568,0.5479,0.6089,2/11,3/64,1.1933,0.5418,0.6515,1/8,4/69,1.1568,0.9788,0.178,2/11,4/68,0.111,
comedy,16,"Gallantry: ladies, lordships and compliment",1.1346,1.3936,-0.259,3/11,37/140,1.1346,1.3208,-0.1862,3/11,20/64,1.2368,1.2573,-0.0205,2/8,21/69,1.1346,1.2431,-0.1085,3/11,20/68,0.0728,
comedy,17,"Eastern conquest: Persians, Turks and soldans",0.0,0.08,-0.08,0/11,3/140,0.0,0.0,0.0,0/11,0/64,0.0,0.0,0.0,0/8,0/69,0.0,0.0,0.0,0/11,0/68,0.08,
comedy,18,"Rebels, barons and the king's wars at home",0.0,0.0285,-0.0285,0/11,1/140,0.0,0.0624,-0.0624,0/11,1/64,0.0,0.0578,-0.0578,0/8,1/69,0.0,0.0587,-0.0587,0/11,1/68,-0.0339,
comedy,20,"Hercules: labours, suffering and virtue",0.0,0.1996,-0.1996,0/11,5/140,0.0,0.0,0.0,0/11,0/64,0.0,0.0473,-0.0473,0/8,1/69,0.0,0.0896,-0.0896,0/11,1/68,0.1996,
comedy,21,"Cupid, Venus and the nymphs",1.0277,0.7923,0.2354,3/11,15/140,1.0277,0.364,0.6637,3/11,5/64,1.4131,0.3774,1.0357,3/8,6/69,1.0277,0.4004,0.6274,3/11,6/68,0.4283,
comedy,22,"Shepherds, flocks and Pan",1.721,0.3566,1.3644,2/11,8/140,1.721,0.3151,1.4059,2/11,3/64,2.0126,0.2922,1.7204,1/8,3/69,1.721,0.5122,1.2088,2/11,5/68,0.0415,
comedy,23,"Husbands, wives and jealousy",0.1995,1.0124,-0.8129,1/11,27/140,0.1995,1.2947,-1.0951,1/11,16/64,0.2744,1.2372,-0.9629,1/8,17/69,0.1995,1.2185,-1.019,1/11,16/68,-0.2822,
comedy,24,"Apollo, Phoebus and the Muses",0.0,1.0371,-1.0371,0/11,12/140,0.0,0.5483,-0.5483,0/11,4/64,0.0,0.5086,-0.5086,0/8,4/69,0.0,0.9555,-0.9555,0/11,6/68,0.4888,
comedy,25,"Kings, power and law: political sententiae",0.0,0.0403,-0.0403,0/11,2/140,0.0,0.0359,-0.0359,0/11,1/64,0.0,0.0333,-0.0333,0/8,1/69,0.0,0.0831,-0.0831,0/11,2/68,0.0044,
comedy,26,"Devils, hell and fiends",0.5444,0.9095,-0.3651,2/11,20/140,0.5444,0.658,-0.1137,2/11,8/64,0.3279,0.7185,-0.3906,1/8,9/69,0.5444,0.6664,-0.122,2/11,9/68,0.2514,
comedy,27,"Uncles, nephews and cousins: kinship and patronage",0.0,1.3222,-1.3222,0/11,37/140,0.0,1.2613,-1.2613,0/11,16/64,0.0,1.299,-1.299,0/8,17/69,0.0,1.1871,-1.1871,0/11,16/68,0.0609,
comedy,28,"Marriage-making: weddings, brides and matches",0.8684,1.0772,-0.2088,3/11,30/140,0.8684,0.8772,-0.0088,3/11,14/64,0.5775,1.0598,-0.4823,2/8,15/69,0.8684,1.0848,-0.2165,3/11,15/68,0.2,
comedy,30,"Constables, justices and the watch",0.4185,0.8924,-0.4739,1/11,13/140,0.4185,0.1966,0.2219,1/11,5/64,0.5754,0.2945,0.2809,1/8,6/69,0.4185,0.185,0.2334,1/11,5/68,0.6958,yes
comedy,31,"Popes, cardinals and the crown",0.0,0.0142,-0.0142,0/11,1/140,0.0,0.0,0.0,0/11,0/64,0.0,0.0,0.0,0/8,0/69,0.0,0.0,0.0,0/11,0/68,0.0142,
comedy,32,Rings and jewels as tokens,1.5646,0.4891,1.0755,3/11,17/140,1.5646,0.4057,1.1589,3/11,8/64,0.9673,0.4789,0.4884,1/8,10/69,1.5646,0.3818,1.1828,3/11,8/68,0.0834,
comedy,33,"Fathers, daughters and marriage negotiations",0.2809,0.9733,-0.6924,1/11,28/140,0.2809,0.8484,-0.5675,1/11,15/64,0.3862,0.9001,-0.5138,1/8,17/69,0.2809,0.8463,-0.5654,1/11,16/68,0.1249,
comedy,34,"Thebes and royal catastrophe: siege, slaughter and funeral rites",0.0,0.0577,-0.0577,0/11,1/140,0.0,0.0,0.0,0/11,0/64,0.0,0.0,0.0,0/8,0/69,0.0,0.0,0.0,0/11,0/68,0.0577,
comedy,35,"Fools, wit and railing",0.9082,0.684,0.2242,2/11,27/140,0.9082,0.5372,0.371,2/11,14/64,1.2487,0.5858,0.6629,2/8,16/69,0.9082,0.6013,0.3069,2/11,16/68,0.1468,
comedy,36,"Hell, Furies and the language of punishment",0.0,0.0157,-0.0157,0/11,1/140,0.0,0.0,0.0,0/11,0/64,0.0,0.0,0.0,0/8,0/69,0.0,0.0,0.0,0/11,0/68,0.0157,
comedy,37,"Riches, poverty and covetousness",0.0,0.1168,-0.1168,0/11,5/140,0.0,0.1882,-0.1882,0/11,3/64,0.0,0.1745,-0.1745,0/8,3/69,0.0,0.1771,-0.1771,0/11,3/68,-0.0714,
comedy,38,"Death, parting and grief at court",0.0,0.0209,-0.0209,0/11,1/140,0.0,0.0457,-0.0457,0/11,1/64,0.0,0.0424,-0.0424,0/8,1/69,0.0,0.043,-0.043,0/11,1/68,-0.0248,
comedy,39,"Profit, conscience and dishonest dealing",0.0,0.08,-0.08,0/11,3/140,0.0,0.175,-0.175,0/11,3/64,0.0,0.1623,-0.1623,0/8,3/69,0.0,0.1647,-0.1647,0/11,3/68,-0.095,
comedy,40,"Sin, guilt and violent loss within families",0.2048,0.244,-0.0392,1/11,9/140,0.2048,0.1803,0.0245,1/11,4/64,0.2816,0.2032,0.0784,1/8,5/69,0.2048,0.1697,0.0351,1/11,4/68,0.0637,
comedy,43,York and Lancaster: dynastic claims and conflict,0.0,0.0,0.0,0/11,0/140,0.0,0.0,0.0,0/11,0/64,0.0,0.0,0.0,0/8,0/69,0.0,0.0,0.0,0/11,0/68,0.0,
comedy,44,"Drinking: wine, ale and taverns",0.2293,0.6365,-0.4073,1/11,22/140,0.2293,0.5574,-0.3281,1/11,9/64,0.0,0.5563,-0.5563,0/8,10/69,0.2293,0.6128,-0.3835,1/11,10/68,0.0792,
comedy,45,"Widows, wooing and remarriage",0.0,0.8629,-0.8629,0/11,14/140,0.0,1.2146,-1.2146,0/11,8/64,0.0,1.3244,-1.3244,0/8,10/69,0.0,1.1432,-1.1432,0/11,8/68,-0.3517,
comedy,46,"Swords, quarrels and valour",0.0,0.3958,-0.3958,0/11,17/140,0.0,0.3699,-0.3699,0/11,7/64,0.0,0.3431,-0.3431,0/8,7/69,0.0,0.3481,-0.3481,0/11,7/68,0.0259,
comedy,47,"Knaves, thieves and bawds",0.2337,0.4033,-0.1695,1/11,13/140,0.2337,0.4799,-0.2462,1/11,6/64,0.0,0.5903,-0.5903,0/8,8/69,0.2337,0.4517,-0.2179,1/11,6/68,-0.0767,
comedy,49,"Wooing a mistress: suitors, go-betweens and letters",0.2208,0.588,-0.3672,1/11,22/140,0.2208,0.5459,-0.3251,1/11,12/64,0.0,0.5063,-0.5063,0/8,12/69,0.2208,0.5138,-0.293,1/11,12/68,0.0421,
comedy,50,"Fleets, armies and generals: war by sea and land",0.5679,0.0515,0.5164,1/11,2/140,0.5679,0.0565,0.5114,1/11,1/64,0.7809,0.0524,0.7284,1/8,1/69,0.5679,0.0532,0.5147,1/11,1/68,-0.005,
comedy,51,"Parents and children: blessing, birthright and inheritance",0.2143,0.2501,-0.0358,1/11,10/140,0.2143,0.2202,-0.0059,1/11,4/64,0.2946,0.249,0.0456,1/8,5/69,0.2143,0.2944,-0.0802,1/11,5/68,0.0299,
comedy,52,"Prodigals, portions and poor kin",0.606,0.4027,0.2033,1/11,12/140,0.606,0.3701,0.2359,1/11,5/64,0.8332,0.675,0.1583,1/8,8/69,0.606,0.3483,0.2577,1/11,5/68,0.0326,
comedy,54,"Antony and Cleopatra: love, death and mourning",0.2149,0.0569,0.1581,1/11,2/140,0.2149,0.0,0.2149,1/11,0/64,0.2955,0.0,0.2955,1/8,0/69,0.2149,0.0,0.2149,1/11,0/68,0.0568,
comedy,55,"Fairies, fairy queens and enchanted desire",1.5387,0.0151,1.5237,2/11,1/140,1.5387,0.0,1.5387,2/11,0/64,2.1157,0.0,2.1157,2/8,0/69,1.5387,0.0,1.5387,2/11,0/68,0.015,
comedy,56,"Magic, spells and conjuring",0.2666,0.1485,0.1181,1/11,5/140,0.2666,0.0382,0.2284,1/11,1/64,0.3666,0.0354,0.3312,1/8,1/69,0.2666,0.1245,0.1421,1/11,2/68,0.1103,
comedy,59,"Spanish courts: war, honour and courtship",0.0,0.0391,-0.0391,0/11,1/140,0.0,0.0,0.0,0/11,0/64,0.0,0.0,0.0,0/8,0/69,0.0,0.0,0.0,0/11,0/68,0.0391,
comedy,60,"Imperial Rome: rulers, favour and political exemplars",0.0,0.0,0.0,0/11,0/140,0.0,0.0,0.0,0/11,0/64,0.0,0.0,0.0,0/8,0/69,0.0,0.0,0.0,0/11,0/68,0.0,
comedy,62,"The courtier as a type: fashion, affectation and foreign manners",0.0,0.2573,-0.2573,0/11,8/140,0.0,0.2903,-0.2903,0/11,3/64,0.0,0.2693,-0.2693,0/8,3/69,0.0,0.2732,-0.2732,0/11,3/68,-0.033,
tragedy,0,"Court life: dukes, favour and honour",1.1664,4.7309,-3.5645,2/12,19/99,1.1664,5.4068,-4.2404,2/12,9/40,1.3997,5.1493,-3.7496,2/10,9/42,1.1664,4.7096,-3.5431,2/12,9/41,-0.6759,
tragedy,1,"Death, grief and revenge",3.978,7.0612,-3.0832,8/12,72/99,3.978,7.3957,-3.4177,8/12,29/40,3.0124,8.0288,-5.0164,6/10,33/42,3.978,7.7423,-3.7643,8/12,32/41,-0.3345,
tragedy,2,"Roman politics: senate, consuls and civil war",11.8565,5.7312,6.1253,4/12,23/99,11.8565,9.2944,2.562,4/12,13/40,12.6488,9.9331,2.7157,3/10,15/42,11.8565,8.3534,3.5031,4/12,12/41,-3.5633,
tragedy,3,"Sickness, physic and doctors",0.2466,0.8228,-0.5762,1/12,18/99,0.2466,0.5333,-0.2867,1/12,6/40,0.2959,0.6379,-0.342,1/10,8/42,0.2466,0.3639,-0.1173,1/12,5/41,0.2895,
tragedy,4,Love-longing and the lover's complaint,2.2432,0.7074,1.5359,4/12,20/99,2.2432,0.7082,1.5351,4/12,8/40,2.1804,0.6745,1.5059,3/10,8/42,2.2432,0.9705,1.2727,4/12,10/41,-0.0008,
tragedy,5,"Christian faith, sin and salvation",0.1613,0.3612,-0.1999,1/12,8/99,0.1613,0.5428,-0.3815,1/12,6/40,0.1936,0.517,-0.3234,1/10,6/42,0.1613,0.5296,-0.3683,1/12,6/41,-0.1816,
tragedy,6,"Money, debt and credit",1.1946,0.2893,0.9053,1/12,8/99,1.1946,0.4946,0.7,1/12,6/40,1.4335,0.471,0.9625,1/10,6/42,1.1946,0.5523,0.6423,1/12,7/41,-0.2053,
tragedy,7,The Trojan war: conflict and its aftermath,4.8018,2.3865,2.4152,2/12,12/99,4.8018,0.5672,4.2346,2/12,4/40,5.7621,0.6596,5.1025,2/10,5/42,4.8018,1.4757,3.3261,2/12,4/41,1.8194,
tragedy,8,"Captains, gallants and cheats",0.0,0.22,-0.22,0/12,6/99,0.0,0.1336,-0.1336,0/12,1/40,0.0,0.2547,-0.2547,0/10,2/42,0.0,0.1304,-0.1304,0/12,1/41,0.0864,
tragedy,9,"Theatre talk: prologues, poets and players",0.6255,0.2869,0.3386,1/12,10/99,0.6255,0.1352,0.4903,1/12,2/40,0.7506,0.1287,0.6219,1/10,2/42,0.6255,0.1978,0.4277,1/12,3/41,0.1517,
tragedy,10,"England and France: war, embassy and peace",0.0,0.782,-0.782,0/12,8/99,0.0,0.3384,-0.3384,0/12,2/40,0.0,0.391,-0.391,0/10,3/42,0.0,0.2633,-0.2633,0/12,1/41,0.4436,
tragedy,11,"Siblings, kin and confidants",0.6913,0.7655,-0.0742,2/12,15/99,0.6913,0.5264,0.1649,2/12,6/40,0.8296,0.5013,0.3283,2/10,6/42,0.6913,0.7544,-0.0631,2/12,8/41,0.2391,yes
tragedy,12,"Olympian gods: Jupiter, Juno, Venus and Mars",0.0,0.2675,-0.2675,0/12,6/99,0.0,0.0568,-0.0568,0/12,1/40,0.0,0.0541,-0.0541,0/10,1/42,0.0,0.1419,-0.1419,0/12,2/41,0.2107,
tragedy,14,"Royal love, favour and dynastic relationships",0.0,0.6509,-0.6509,0/12,15/99,0.0,0.5937,-0.5937,0/12,7/40,0.0,0.6965,-0.6965,0/10,9/42,0.0,0.5792,-0.5792,0/12,7/41,0.0572,
tragedy,15,Friars and holy orders in plot,1.1984,0.3594,0.8391,1/12,7/99,1.1984,0.3564,0.842,1/12,3/40,1.4381,0.2189,1.2192,1/10,2/42,1.1984,0.6141,0.5843,1/12,4/41,0.0029,
tragedy,16,"Gallantry: ladies, lordships and compliment",0.0,0.1666,-0.1666,0/12,4/99,0.0,0.1783,-0.1783,0/12,1/40,0.0,0.1698,-0.1698,0/10,1/42,0.0,0.174,-0.174,0/12,1/41,-0.0117,
tragedy,17,"Eastern conquest: Persians, Turks and soldans",0.0,2.6909,-2.6909,0/12,12/99,0.0,0.3416,-0.3416,0/12,3/40,0.0,0.5627,-0.5627,0/10,4/42,0.0,2.0171,-2.0171,0/12,4/41,2.3493,
tragedy,18,"Rebels, barons and the king's wars at home",0.4957,0.1665,0.3292,1/12,6/99,0.4957,0.1772,0.3185,1/12,3/40,0.5948,0.1687,0.4261,1/10,3/42,0.4957,0.1729,0.3228,1/12,3/41,-0.0107,
tragedy,20,"Hercules: labours, suffering and virtue",0.0,1.4524,-1.4524,0/12,6/99,0.0,0.0807,-0.0807,0/12,1/40,0.0,0.0769,-0.0769,0/10,1/42,0.0,0.0788,-0.0788,0/12,1/41,1.3717,
tragedy,21,"Cupid, Venus and the nymphs",0.0,0.1961,-0.1961,0/12,6/99,0.0,0.1316,-0.1316,0/12,2/40,0.0,0.1253,-0.1253,0/10,2/42,0.0,0.1284,-0.1284,0/12,2/41,0.0645,
tragedy,22,"Shepherds, flocks and Pan",0.0,0.1447,-0.1447,0/12,5/99,0.0,0.1185,-0.1185,0/12,2/40,0.0,0.1128,-0.1128,0/10,2/42,0.0,0.1156,-0.1156,0/12,2/41,0.0262,
tragedy,23,"Husbands, wives and jealousy",0.4669,0.4982,-0.0313,1/12,13/99,0.4669,0.7591,-0.2922,1/12,8/40,0.5603,0.723,-0.1627,1/10,8/42,0.4669,0.6883,-0.2214,1/12,7/41,-0.2609,
tragedy,24,"Apollo, Phoebus and the Muses",0.0,0.2483,-0.2483,0/12,6/99,0.0,0.0502,-0.0502,0/12,1/40,0.0,0.1122,-0.1122,0/10,2/42,0.0,0.049,-0.049,0/12,1/41,0.1981,
tragedy,25,"Kings, power and law: political sententiae",0.2461,1.6514,-1.4053,1/12,19/99,0.2461,2.9821,-2.736,1/12,9/40,0.2953,2.8908,-2.5955,1/10,10/42,0.2461,2.9094,-2.6633,1/12,9/41,-1.3307,
tragedy,26,"Devils, hell and fiends",0.154,0.3339,-0.1799,1/12,9/99,0.154,0.452,-0.298,1/12,4/40,0.1848,0.4305,-0.2457,1/10,4/42,0.154,0.27,-0.116,1/12,2/41,-0.1181,
tragedy,27,"Uncles, nephews and cousins: kinship and patronage",0.0,0.1753,-0.1753,0/12,4/99,0.0,0.3721,-0.3721,0/12,3/40,0.0,0.3544,-0.3544,0/10,3/42,0.0,0.363,-0.363,0/12,3/41,-0.1968,
tragedy,28,"Marriage-making: weddings, brides and matches",0.0,0.2213,-0.2213,0/12,7/99,0.0,0.3391,-0.3391,0/12,4/40,0.0,0.323,-0.323,0/10,4/42,0.0,0.2784,-0.2784,0/12,3/41,-0.1178,
tragedy,30,"Constables, justices and the watch",0.0,0.0274,-0.0274,0/12,1/99,0.0,0.0677,-0.0677,0/12,1/40,0.0,0.0645,-0.0645,0/10,1/42,0.0,0.0,0.0,0/12,0/41,-0.0403,
tragedy,31,"Popes, cardinals and the crown",0.0,0.3511,-0.3511,0/12,4/99,0.0,0.8689,-0.8689,0/12,4/40,0.0,0.4568,-0.4568,0/10,3/42,0.0,0.6442,-0.6442,0/12,3/41,-0.5178,
tragedy,32,Rings and jewels as tokens,0.0,0.1326,-0.1326,0/12,5/99,0.0,0.2014,-0.2014,0/12,3/40,0.0,0.1918,-0.1918,0/10,3/42,0.0,0.1448,-0.1448,0/12,2/41,-0.0688,
tragedy,33,"Fathers, daughters and marriage negotiations",0.1779,0.0812,0.0967,1/12,3/99,0.1779,0.06,0.1179,1/12,1/40,0.2135,0.0571,0.1564,1/10,1/42,0.1779,0.1232,0.0547,1/12,2/41,0.0212,
tragedy,34,"Thebes and royal catastrophe: siege, slaughter and funeral rites",0.2222,1.4588,-1.2366,1/12,11/99,0.2222,0.0,0.2222,1/12,0/40,0.0,0.0623,-0.0623,0/10,1/42,0.2222,0.0,0.2222,1/12,0/41,1.4588,yes
tragedy,35,"Fools, wit and railing",1.2912,0.0429,1.2483,3/12,2/99,1.2912,0.037,1.2541,3/12,1/40,1.5494,0.0353,1.5141,3/10,1/42,1.2912,0.0361,1.255,3/12,1/41,0.0058,
tragedy,36,"Hell, Furies and the language of punishment",0.0,1.4521,-1.4521,0/12,21/99,0.0,0.5495,-0.5495,0/12,6/40,0.0,0.772,-0.772,0/10,7/42,0.0,0.5979,-0.5979,0/12,7/41,0.9026,
tragedy,37,"Riches, poverty and covetousness",0.4197,0.0345,0.3852,2/12,2/99,0.4197,0.0854,0.3342,2/12,2/40,0.5036,0.0814,0.4222,2/10,2/42,0.4197,0.0833,0.3363,2/12,2/41,-0.051,
tragedy,38,"Death, parting and grief at court",0.3252,0.5003,-0.1751,2/12,12/99,0.3252,0.3309,-0.0057,2/12,4/40,0.3902,0.3151,0.0751,2/10,4/42,0.3252,0.2651,0.0601,2/12,3/41,0.1694,
tragedy,39,"Profit, conscience and dishonest dealing",0.0,0.1538,-0.1538,0/12,2/99,0.0,0.2051,-0.2051,0/12,1/40,0.0,0.1954,-0.1954,0/10,1/42,0.0,0.2001,-0.2001,0/12,1/41,-0.0513,
tragedy,40,"Sin, guilt and violent loss within families",0.6578,0.7105,-0.0528,1/12,17/99,0.6578,1.1243,-0.4665,1/12,9/40,0.0,1.0707,-1.0707,0/10,9/42,0.6578,1.0969,-0.4391,1/12,9/41,-0.4137,
tragedy,43,York and Lancaster: dynastic claims and conflict,0.0,0.0,0.0,0/12,0/99,0.0,0.0,0.0,0/12,0/40,0.0,0.0,0.0,0/10,0/42,0.0,0.0,0.0,0/12,0/41,0.0,
tragedy,44,"Drinking: wine, ale and taverns",0.0,0.1248,-0.1248,0/12,5/99,0.0,0.0533,-0.0533,0/12,1/40,0.0,0.0508,-0.0508,0/10,1/42,0.0,0.052,-0.052,0/12,1/41,0.0715,
tragedy,45,"Widows, wooing and remarriage",0.0,0.0827,-0.0827,0/12,3/99,0.0,0.1242,-0.1242,0/12,2/40,0.0,0.1183,-0.1183,0/10,2/42,0.0,0.1211,-0.1211,0/12,2/41,-0.0415,
tragedy,46,"Swords, quarrels and valour",0.0,0.1211,-0.1211,0/12,5/99,0.0,0.0804,-0.0804,0/12,1/40,0.0,0.1396,-0.1396,0/10,2/42,0.0,0.0784,-0.0784,0/12,1/41,0.0407,
tragedy,47,"Knaves, thieves and bawds",0.0,0.1154,-0.1154,0/12,5/99,0.0,0.1671,-0.1671,0/12,3/40,0.0,0.1592,-0.1592,0/10,3/42,0.0,0.1111,-0.1111,0/12,2/41,-0.0517,
tragedy,49,"Wooing a mistress: suitors, go-betweens and letters",0.0,0.1078,-0.1078,0/12,3/99,0.0,0.0553,-0.0553,0/12,1/40,0.0,0.0527,-0.0527,0/10,1/42,0.0,0.054,-0.054,0/12,1/41,0.0525,
tragedy,50,"Fleets, armies and generals: war by sea and land",0.8426,0.2656,0.577,3/12,9/99,0.8426,0.1354,0.7072,3/12,2/40,1.0111,0.1747,0.8364,3/10,3/42,0.8426,0.0626,0.78,3/12,1/41,0.1302,
tragedy,51,"Parents and children: blessing, birthright and inheritance",0.4438,0.0802,0.3637,2/12,3/99,0.4438,0.0,0.4438,2/12,0/40,0.5326,0.0662,0.4664,2/10,1/42,0.4438,0.0,0.4438,2/12,0/41,0.0801,
tragedy,52,"Prodigals, portions and poor kin",0.5523,0.2261,0.3262,3/12,2/99,0.5523,0.5597,-0.0073,3/12,2/40,0.6628,0.533,0.1298,3/10,2/42,0.5523,0.546,0.0063,3/12,2/41,-0.3335,yes
tragedy,54,"Antony and Cleopatra: love, death and mourning",0.1794,1.0057,-0.8263,1/12,7/99,0.1794,1.9585,-1.7791,1/12,4/40,0.2153,1.8653,-1.65,1/10,4/42,0.1794,1.8423,-1.6629,1/12,3/41,-0.9528,
tragedy,55,"Fairies, fairy queens and enchanted desire",0.1709,0.0,0.1709,1/12,0/99,0.1709,0.0,0.1709,1/12,0/40,0.2051,0.0,0.2051,1/10,0/42,0.1709,0.0,0.1709,1/12,0/41,0.0,
tragedy,56,"Magic, spells and conjuring",0.2527,0.3009,-0.0483,1/12,4/99,0.2527,0.0,0.2527,1/12,0/40,0.3032,0.1223,0.1809,1/10,2/42,0.2527,0.0,0.2527,1/12,0/41,0.301,
tragedy,59,"Spanish courts: war, honour and courtship",0.0,1.2364,-1.2364,0/12,8/99,0.0,2.0155,-2.0155,0/12,2/40,0.0,0.0605,-0.0605,0/10,1/42,0.0,2.0867,-2.0867,0/12,3/41,-0.7791,
tragedy,60,"Imperial Rome: rulers, favour and political exemplars",0.6403,0.5648,0.0755,1/12,9/99,0.6403,0.2954,0.3449,1/12,3/40,0.0,0.3481,-0.3481,0/10,4/42,0.6403,0.3549,0.2855,1/12,4/41,0.2694,
tragedy,62,"The courtier as a type: fashion, affectation and foreign manners",0.0,0.0374,-0.0374,0/12,2/99,0.0,0.0925,-0.0925,0/12,2/40,0.0,0.0881,-0.0881,0/10,2/42,0.0,0.0368,-0.0368,0/12,1/41,-0.0551,
history,0,"Court life: dukes, favour and honour",2.2699,3.2736,-1.0037,6/11,3/23,2.2699,1.5885,0.6814,6/11,2/15,1.9828,1.4893,0.4935,4/9,2/16,2.2699,1.2541,1.0158,6/11,2/19,1.6851,yes
history,1,"Death, grief and revenge",2.4974,2.1152,0.3822,7/11,10/23,2.4974,1.8647,0.6327,7/11,5/15,2.4637,2.1004,0.3632,5/9,6/16,2.4974,2.0781,0.4193,7/11,8/19,0.2505,
history,2,"Roman politics: senate, consuls and civil war",0.0,0.9146,-0.9146,0/11,2/23,0.0,0.4045,-0.4045,0/11,1/15,0.0,1.3147,-1.3147,0/9,2/16,0.0,0.3193,-0.3193,0/11,1/19,0.5101,
history,3,"Sickness, physic and doctors",0.1841,0.2759,-0.0918,1/11,2/23,0.1841,0.423,-0.2389,1/11,2/15,0.225,0.3966,-0.1716,1/9,2/16,0.1841,0.3339,-0.1499,1/11,2/19,-0.1471,
history,4,Love-longing and the lover's complaint,0.2264,0.0,0.2264,1/11,0/23,0.2264,0.0,0.2264,1/11,0/15,0.2767,0.0,0.2767,1/9,0/16,0.2264,0.0,0.2264,1/11,0/19,0.0,
history,5,"Christian faith, sin and salvation",0.0,3.1458,-3.1458,0/11,2/23,0.0,4.8235,-4.8235,0/11,2/15,0.0,0.1414,-0.1414,0/9,1/16,0.0,3.8081,-3.8081,0/11,2/19,-1.6777,
history,6,"Money, debt and credit",0.0,1.6246,-1.6246,0/11,5/23,0.0,2.4911,-2.4911,0/11,5/15,0.0,2.3354,-2.3354,0/9,5/16,0.0,1.9666,-1.9666,0/11,5/19,-0.8665,
history,7,The Trojan war: conflict and its aftermath,0.0,0.5992,-0.5992,0/11,2/23,0.0,0.1358,-0.1358,0/11,1/15,0.0,0.8614,-0.8614,0/9,2/16,0.0,0.1072,-0.1072,0/11,1/19,0.4634,
history,8,"Captains, gallants and cheats",0.3481,0.0963,0.2517,2/11,1/23,0.3481,0.1477,0.2004,2/11,1/15,0.4254,0.1385,0.2869,2/9,1/16,0.3481,0.1166,0.2315,2/11,1/19,-0.0513,
history,9,"Theatre talk: prologues, poets and players",0.0,0.0,0.0,0/11,0/23,0.0,0.0,0.0,0/11,0/15,0.0,0.0,0.0,0/9,0/16,0.0,0.0,0.0,0/11,0/19,0.0,
history,10,"England and France: war, embassy and peace",13.4537,3.1904,10.2633,6/11,6/23,13.4537,2.0893,11.3645,6/11,4/15,15.8598,1.9587,13.9011,4/9,4/16,13.4537,3.8621,9.5916,6/11,6/19,1.1012,
history,11,"Siblings, kin and confidants",0.0,0.2901,-0.2901,0/11,2/23,0.0,0.2778,-0.2778,0/11,1/15,0.0,0.2604,-0.2604,0/9,1/16,0.0,0.3512,-0.3512,0/11,2/19,0.0123,
history,12,"Olympian gods: Jupiter, Juno, Venus and Mars",0.0,0.1286,-0.1286,0/11,1/23,0.0,0.0,0.0,0/11,0/15,0.0,0.1849,-0.1849,0/9,1/16,0.0,0.0,0.0,0/11,0/19,0.1286,
history,14,"Royal love, favour and dynastic relationships",0.9006,1.4371,-0.5365,3/11,4/23,0.9006,2.2036,-1.303,3/11,4/15,1.1008,2.0659,-0.9651,3/9,4/16,0.9006,1.7397,-0.839,3/11,4/19,-0.7665,
history,15,Friars and holy orders in plot,0.0,2.3287,-2.3287,0/11,4/23,0.0,1.8442,-1.8442,0/11,1/15,0.0,1.9196,-1.9196,0/9,2/16,0.0,2.6584,-2.6584,0/11,3/19,0.4845,
history,16,"Gallantry: ladies, lordships and compliment",0.0,0.2828,-0.2828,0/11,2/23,0.0,0.4336,-0.4336,0/11,2/15,0.0,0.4065,-0.4065,0/9,2/16,0.0,0.3423,-0.3423,0/11,2/19,-0.1508,
history,17,"Eastern conquest: Persians, Turks and soldans",0.0,0.0,0.0,0/11,0/23,0.0,0.0,0.0,0/11,0/15,0.0,0.0,0.0,0/9,0/16,0.0,0.0,0.0,0/11,0/19,0.0,
history,18,"Rebels, barons and the king's wars at home",3.106,9.158,-6.052,5/11,9/23,3.106,8.8857,-5.7797,5/11,7/15,2.775,9.0656,-6.2906,4/9,7/16,3.106,7.8028,-4.6968,5/11,8/19,0.2723,
history,20,"Hercules: labours, suffering and virtue",0.0,0.0,0.0,0/11,0/23,0.0,0.0,0.0,0/11,0/15,0.0,0.0,0.0,0/9,0/16,0.0,0.0,0.0,0/11,0/19,0.0,
history,21,"Cupid, Venus and the nymphs",0.0,0.0,0.0,0/11,0/23,0.0,0.0,0.0,0/11,0/15,0.0,0.0,0.0,0/9,0/16,0.0,0.0,0.0,0/11,0/19,0.0,
history,22,"Shepherds, flocks and Pan",0.0,0.0,0.0,0/11,0/23,0.0,0.0,0.0,0/11,0/15,0.0,0.0,0.0,0/9,0/16,0.0,0.0,0.0,0/11,0/19,0.0,
history,23,"Husbands, wives and jealousy",0.0,0.0,0.0,0/11,0/23,0.0,0.0,0.0,0/11,0/15,0.0,0.0,0.0,0/9,0/16,0.0,0.0,0.0,0/11,0/19,0.0,
history,24,"Apollo, Phoebus and the Muses",0.0,0.0,0.0,0/11,0/23,0.0,0.0,0.0,0/11,0/15,0.0,0.0,0.0,0/9,0/16,0.0,0.0,0.0,0/11,0/19,0.0,
history,25,"Kings, power and law: political sententiae",0.0,0.1382,-0.1382,0/11,1/23,0.0,0.2119,-0.2119,0/11,1/15,0.0,0.1987,-0.1987,0/9,1/16,0.0,0.1673,-0.1673,0/11,1/19,-0.0737,
history,26,"Devils, hell and fiends",0.1518,0.0,0.1518,1/11,0/23,0.1518,0.0,0.1518,1/11,0/15,0.1856,0.0,0.1856,1/9,0/16,0.1518,0.0,0.1518,1/11,0/19,0.0,
history,27,"Uncles, nephews and cousins: kinship and patronage",0.0,0.0979,-0.0979,0/11,1/23,0.0,0.1501,-0.1501,0/11,1/15,0.0,0.1407,-0.1407,0/9,1/16,0.0,0.1185,-0.1185,0/11,1/19,-0.0522,
history,28,"Marriage-making: weddings, brides and matches",0.0,0.0,0.0,0/11,0/23,0.0,0.0,0.0,0/11,0/15,0.0,0.0,0.0,0/9,0/16,0.0,0.0,0.0,0/11,0/19,0.0,
history,30,"Constables, justices and the watch",0.0,0.5615,-0.5615,0/11,2/23,0.0,0.861,-0.861,0/11,2/15,0.0,0.8072,-0.8072,0/9,2/16,0.0,0.6797,-0.6797,0/11,2/19,-0.2995,
history,31,"Popes, cardinals and the crown",3.3419,3.3259,0.016,2/11,5/23,3.3419,2.8599,0.482,2/11,3/15,4.0846,2.6811,1.4034,2/9,3/16,3.3419,4.0261,-0.6841,2/11,5/19,0.466,
history,32,Rings and jewels as tokens,0.1745,0.2945,-0.12,1/11,2/23,0.1745,0.4516,-0.2771,1/11,2/15,0.2133,0.4234,-0.21,1/9,2/16,0.1745,0.3565,-0.182,1/11,2/19,-0.1571,
history,33,"Fathers, daughters and marriage negotiations",0.0,0.0,0.0,0/11,0/23,0.0,0.0,0.0,0/11,0/15,0.0,0.0,0.0,0/9,0/16,0.0,0.0,0.0,0/11,0/19,0.0,
history,34,"Thebes and royal catastrophe: siege, slaughter and funeral rites",0.0,0.0,0.0,0/11,0/23,0.0,0.0,0.0,0/11,0/15,0.0,0.0,0.0,0/9,0/16,0.0,0.0,0.0,0/11,0/19,0.0,
history,35,"Fools, wit and railing",0.0,0.0,0.0,0/11,0/23,0.0,0.0,0.0,0/11,0/15,0.0,0.0,0.0,0/9,0/16,0.0,0.0,0.0,0/11,0/19,0.0,
history,36,"Hell, Furies and the language of punishment",0.2005,0.0,0.2005,1/11,0/23,0.2005,0.0,0.2005,1/11,0/15,0.0,0.0,0.0,0/9,0/16,0.2005,0.0,0.2005,1/11,0/19,0.0,
history,37,"Riches, poverty and covetousness",0.0,0.0,0.0,0/11,0/23,0.0,0.0,0.0,0/11,0/15,0.0,0.0,0.0,0/9,0/16,0.0,0.0,0.0,0/11,0/19,0.0,
history,38,"Death, parting and grief at court",1.6544,1.4876,0.1668,4/11,8/23,1.6544,1.9339,-0.2796,4/11,7/15,1.1928,1.8131,-0.6203,2/9,7/16,1.6544,1.8007,-0.1464,4/11,8/19,-0.4464,yes
history,39,"Profit, conscience and dishonest dealing",0.3711,0.0,0.3711,1/11,0/23,0.3711,0.0,0.3711,1/11,0/15,0.4536,0.0,0.4536,1/9,0/16,0.3711,0.0,0.3711,1/11,0/19,0.0,
history,40,"Sin, guilt and violent loss within families",0.3778,0.1284,0.2494,2/11,1/23,0.3778,0.1969,0.1809,2/11,1/15,0.4618,0.1846,0.2772,2/9,1/16,0.3778,0.1555,0.2223,2/11,1/19,-0.0685,
history,43,York and Lancaster: dynastic claims and conflict,5.7717,1.7777,3.9941,6/11,6/23,5.7717,0.8583,4.9135,6/11,4/15,3.5264,0.8046,2.7218,4/9,4/16,5.7717,2.1519,3.6198,6/11,6/19,0.9194,
history,44,"Drinking: wine, ale and taverns",0.2003,0.0,0.2003,1/11,0/23,0.2003,0.0,0.2003,1/11,0/15,0.2448,0.0,0.2448,1/9,0/16,0.2003,0.0,0.2003,1/11,0/19,0.0,
history,45,"Widows, wooing and remarriage",0.3858,0.0,0.3858,1/11,0/23,0.3858,0.0,0.3858,1/11,0/15,0.0,0.0,0.0,0/9,0/16,0.3858,0.0,0.3858,1/11,0/19,0.0,
history,46,"Swords, quarrels and valour",0.0,0.0,0.0,0/11,0/23,0.0,0.0,0.0,0/11,0/15,0.0,0.0,0.0,0/9,0/16,0.0,0.0,0.0,0/11,0/19,0.0,
history,47,"Knaves, thieves and bawds",0.5549,0.0973,0.4576,1/11,1/23,0.5549,0.1493,0.4056,1/11,1/15,0.6782,0.1399,0.5383,1/9,1/16,0.5549,0.1178,0.4371,1/11,1/19,-0.052,
history,49,"Wooing a mistress: suitors, go-betweens and letters",0.0,0.0,0.0,0/11,0/23,0.0,0.0,0.0,0/11,0/15,0.0,0.0,0.0,0/9,0/16,0.0,0.0,0.0,0/11,0/19,0.0,
history,50,"Fleets, armies and generals: war by sea and land",0.3615,0.2029,0.1587,2/11,2/23,0.3615,0.1554,0.2061,2/11,1/15,0.4419,0.1457,0.2962,2/9,1/16,0.3615,0.2456,0.116,2/11,2/19,0.0474,
history,51,"Parents and children: blessing, birthright and inheritance",0.0,0.1969,-0.1969,0/11,1/23,0.0,0.0,0.0,0/11,0/15,0.0,0.0,0.0,0/9,0/16,0.0,0.2383,-0.2383,0/11,1/19,0.1969,
history,52,"Prodigals, portions and poor kin",0.2216,0.1364,0.0852,1/11,1/23,0.2216,0.2092,0.0124,1/11,1/15,0.2709,0.1961,0.0748,1/9,1/16,0.2216,0.1652,0.0565,1/11,1/19,-0.0728,
history,54,"Antony and Cleopatra: love, death and mourning",0.0,0.0,0.0,0/11,0/23,0.0,0.0,0.0,0/11,0/15,0.0,0.0,0.0,0/9,0/16,0.0,0.0,0.0,0/11,0/19,0.0,
history,55,"Fairies, fairy queens and enchanted desire",0.0,0.2779,-0.2779,0/11,1/23,0.0,0.4261,-0.4261,0/11,1/15,0.0,0.3994,-0.3994,0/9,1/16,0.0,0.3364,-0.3364,0/11,1/19,-0.1482,
history,56,"Magic, spells and conjuring",0.0,0.2825,-0.2825,0/11,1/23,0.0,0.4332,-0.4332,0/11,1/15,0.0,0.4061,-0.4061,0/9,1/16,0.0,0.342,-0.342,0/11,1/19,-0.1507,
history,59,"Spanish courts: war, honour and courtship",0.0,0.0,0.0,0/11,0/23,0.0,0.0,0.0,0/11,0/15,0.0,0.0,0.0,0/9,0/16,0.0,0.0,0.0,0/11,0/19,0.0,
history,60,"Imperial Rome: rulers, favour and political exemplars",0.0,0.0,0.0,0/11,0/23,0.0,0.0,0.0,0/11,0/15,0.0,0.0,0.0,0/9,0/16,0.0,0.0,0.0,0/11,0/19,0.0,
history,62,"The courtier as a type: fashion, affectation and foreign manners",0.0,0.0,0.0,0/11,0/23,0.0,0.0,0.0,0/11,0/15,0.0,0.0,0.0,0/9,0/16,0.0,0.0,0.0,0/11,0/19,0.0,
