work_id,title,author,year_first,n_editions,genre_britdrama,genre_annals,genre_main,genre_source
73,1 Promos and Cassandra,"Whetstone, George",1578,1,comedy,comedy,comedy,britdrama
204,1 The Honest Whore (1 The Converted Courtesan) (The Patient Man and the Honest Whore),"Dekker, ThomasMiddleton, Thomas",1604,1,comedy,comedy,comedy,britdrama
161,1 The Two Angry Women of Abingdon,"Porter, Henry",1599,1,comedy,comedy,comedy,britdrama
74,2 Promos and Cassandra,"Whetstone, George",1578,1,comedy,comedy,comedy,britdrama
435,2 The Honest Whore (2 The Converted Courtesan),"Dekker, Thomas",1630,1,comedy,comedy,comedy,britdrama
433,A Chaste Maid in Cheapside,"Middleton, Thomas",1630,1,comedy,comedy,comedy,britdrama
481,A Fine Companion,"Marmion, Shackerley",1633,1,comedy,comedy,comedy,britdrama
412,A Game at Chess,"Middleton, Thomas",1625,1,comedy,satire,comedy,britdrama
276,"A Mad World, My Masters","Middleton, Thomas",1608,1,comedy,comedy,comedy,britdrama
493,A Maidenhead Well Lost,"Heywood, Thomas",1634,1,comedy,comedy,comedy,britdrama
476,A Match at Midnight,"R., W.",1633,1,comedy,comedy,comedy,britdrama
170,A Midsummer Night's Dream,"Shakespeare, William",1600,1,comedy,comedy,comedy,britdrama
561,A New Trick to Cheat the Devil,"Davenport, Robert",1639,1,comedy,comedy,comedy,britdrama
474,A New Way to Pay Old Debts,"Massinger, Philip",1633,1,comedy,comedy,comedy,britdrama
460,"A New Wonder, A Woman Never Vexed","Heywood, ThomasRowley, William",1632,1,comedy,comedy,comedy,britdrama
617,A Tale of a Tub,"Jonson, Ben",1640,1,comedy,comedy,comedy,britdrama
262,A Trick to Catch the Old One,"Middleton, Thomas",1608,1,comedy,comedy,comedy,britdrama
299,A Woman Is a Weathercock,"Field, Nathan",1612,1,comedy,comedy,comedy,britdrama
330,Albumazar,"Tomkis, Thomas",1615,1,comedy,comedy,comedy,britdrama
219,All Fools,"Chapman, George",1605,1,comedy,comedy,comedy,britdrama
356,Amends for Ladies,"Field, Nathan",1618,1,comedy,comedy,comedy,britdrama
91,Andria (The Woman from Andros),"Terence (Publius Terentius Afer)Kyffin, Maurice",1588,1,comedy,comedy,comedy,britdrama
184,Antonio and Mellida,"Marston, John",1602,1,comedy,,comedy,britdrama
414,Apollo Shroving,"Hawkins, William",1627,1,comedy,comedy,comedy,britdrama
431,"Aristippus, or The Jovial Philosopher","Randolph, Thomas",1630,1,entertainment; academic entertainment,comedy,comedy,annals
394,As You Like It,"Shakespeare, William",1623,1,comedy,comedy,comedy,britdrama
455,Bartholomew Fair,"Jonson, Ben",1631,1,comedy,comedy,comedy,britdrama
84,"Campaspe (Alexander, Campaspe, and Diogenes)","Lyly, John",1584,1,comedy,comedy;classical legend,comedy,britdrama
462,"Changes, or Love in a Maze","Shirley, James",1632,1,comedy,comedy,comedy,britdrama
542,Covent Garden,"Nabbes, Thomas",1638,1,comedy,comedy,comedy,britdrama
247,Cupid's Whirligig,"Sharpham, Edward",1607,1,comedy,comedy,comedy,britdrama
181,"Cynthia's Revels, or The Fountain of Self-Love","Jonson, Ben",1616,1,satire,comedy,comedy,annals
58,Damon and Pithias,"Edwards, Richard",1571,1,comedy,tragicomedy,comedy,britdrama
217,Eastward Ho,"Chapman, GeorgeJonson, BenMarston, John",1605,1,comedy,comedy,comedy,britdrama
99,"Endymion, the Man in the Moon","Lyly, John",1591,1,comedy,comedy;classical legend,comedy,britdrama
336,"Englishmen for My Money, or A Woman Will Have Her Will","Haughton, William",1616,1,comedy,comedy,comedy,britdrama
304,"Epicene, or The Silent Woman","Jonson, Ben",1616,1,comedy,comedy,comedy,britdrama
163,Every Man Out of His Humor,"Jonson, Ben",1600,1,comedy,comedy,comedy,britdrama
176,Every Man in His Humor,"Jonson, Ben",1601,1,comedy,comedy,comedy,britdrama
283,Every Woman in Her Humor,Anonymous,1609,1,comedy,comedy,comedy,britdrama
113,"Fair Em, the Miller's Daughter of Manchester",Anonymous,1591,1,comedy,comedy;romance,comedy,britdrama
86,Fedele and Fortunia (Two Italian Gentlemen),"Pasqualigo, LuigiMunday, Anthony",1585,1,comedy,comedy,comedy,britdrama
121,Friar Bacon and Friar Bongay,"Greene, Robert",1594,1,comedy,comedy,comedy,britdrama
105,Gallathea,"Lyly, John",1592,1,comedy,comedy;classical legend,comedy,britdrama
67,Gammer Gurton's Needle,"Stevenson, William",1575,1,comedy,comedy,comedy,britdrama
323,"Greene's Tu Quoque, or The City Gallant","Cooke, John",1614,1,comedy,comedy,comedy,britdrama
354,Hans Beer-Pot (See Me and See Me Not),"Belchier, Dabridgcourt",1618,1,comedy,comedy;dialogue,comedy,britdrama
461,Holland's Leaguer,"Marmion, Shackerley",1632,1,comedy,comedy,comedy,britdrama
191,How a Man May Choose a Good Wife from a Bad,Anonymous,1602,1,comedy,comedy,comedy,britdrama
268,Humor Out of Breath,"Day, John",1608,1,comedy,comedy,comedy,britdrama
517,Hyde Park,"Shirley, James",1637,1,comedy,comedy,comedy,britdrama
305,"If It Be Not Good, the Devil Is in It (If This Be Not a Good Play, the Devil Is in It)","Dekker, Thomas",1612,1,comedy,comedy,comedy,britdrama
177,Jack Drum's Entertainment (Katherine and Pasquil),"Marston, John",1601,1,comedy,comedy,comedy,britdrama
267,Law Tricks,"Day, John",1608,1,comedy,comedy,comedy,britdrama
174,Look About You,Anonymous,1600,1,comedy,comedy,comedy,britdrama
150,Love's Labor's Lost,"Shakespeare, William",1598,1,comedy,comedy,comedy,britdrama
297,May Day,"Chapman, George",1611,1,comedy,comedy,comedy,britdrama
244,Michaelmas Term,"Middleton, Thomas",1607,1,comedy,comedy,comedy,britdrama
106,Midas,"Lyly, John",1592,1,comedy,comedy,comedy,britdrama
558,Monsieur Thomas (Father's Own Son),"Fletcher, John",1639,1,comedy,comedy,comedy,britdrama
125,Mother Bombie,"Lyly, John",1594,1,comedy,comedy,comedy,britdrama
168,Much Ado About Nothing,"Shakespeare, William",1600,1,comedy,comedy,comedy,britdrama
250,Northward Ho,"Dekker, ThomasWebster, John",1607,1,comedy,comedy,comedy,britdrama
230,"Parasitaster, or The Fawn","Marston, John",1606,1,comedy,comedy,comedy,britdrama
198,Patient Grissel,"Dekker, ThomasChettle, HenryHaughton, William",1603,1,comedy,comedy,comedy,britdrama
186,"Poetaster, or The Arraignment","Jonson, Ben",1602,1,comedy,comedy,comedy,britdrama
46,Ralph Roister Doister,"Udall, Nicholas",1566,1,comedy,comedy,comedy,britdrama
292,"Ram Alley, or Merry Tricks","Barry, Lording",1611,1,comedy,comedy,comedy,britdrama
598,Rule a Wife and Have a Wife,"Fletcher, John",1640,1,comedy,comedy,comedy,britdrama
82,Sappho and Phao,"Lyly, John",1584,1,comedy,comedy;classical legend,comedy,britdrama
195,"Satiromastix, or The Untrussing of the Humorous Poet","Dekker, Thomas",1602,1,comedy,comedy,comedy,britdrama
228,Sir Giles Goosecap,"Chapman, George",1606,1,comedy,comedy,comedy,britdrama
173,Summer's Last Will and Testament,"Nashe, Thomas",1600,1,comedy,comedy,comedy,britdrama
60,Supposes,"Gascoigne, GeorgeAriosto, Ludovico",1573,1,comedy,comedy,comedy,britdrama
353,"Technogamia, or The Marriages of the Arts","Holyday, Barten",1618,1,comedy,morality,comedy,britdrama
303,The Alchemist,"Jonson, Ben",1612,1,comedy,comedy,comedy,britdrama
586,The Antipodes,"Brome, Richard",1640,1,not in BritDrama,comedy,comedy,annals
549,The Ball,"Shirley, James",1639,1,comedy,comedy,comedy,britdrama
479,The Bird in a Cage (The Beauties),"Shirley, James",1633,1,comedy,comedy,comedy,britdrama
146,The Blind Beggar of Alexandria (Irus),"Chapman, George",1598,1,comedy,comedy,comedy,britdrama
281,The Case Is Altered,"Jonson, Ben",1609,1,comedy,comedy,comedy,britdrama
568,The City Match,"Mayne, Jasper",1639,1,comedy,comedy,comedy,britdrama
393,The Comedy of Errors,"Shakespeare, William",1623,1,comedy,comedy,comedy,britdrama
592,The Constant Maid (Love Will Find Out the Way),"Shirley, James",1640,1,not in BritDrama,comedy,comedy,annals
457,The Devil Is an Ass,"Jonson, Ben",1631,1,comedy,comedy,comedy,britdrama
214,The Dutch Courtesan (Cockle de Moye),"Marston, John",1605,1,comedy,comedy,comedy,britdrama
515,The Elder Brother,"Fletcher, JohnMassinger, Philip",1637,1,comedy,comedy,comedy,britdrama
521,The Example,"Shirley, James",1637,1,comedy,comedy,comedy,britdrama
242,The Fair Maid of the Exchange,Anonymous,1607,1,comedy,comedy,comedy,britdrama
263,The Family of Love,"Barry, Lording",1608,1,comedy,comedy,comedy,britdrama
532,The Fancies Chaste and Noble,"Ford, John",1638,1,comedy,,comedy,britdrama
255,The Fleer,"Sharpham, Edward",1607,1,comedy,comedy,comedy,britdrama
523,The Gamester,"Shirley, James",1637,1,comedy,comedy,comedy,britdrama
226,The Gentleman Usher (Vincentio and Margaret),"Chapman, George",1606,1,comedy,,comedy,britdrama
429,The Grateful Servant (The Faithful Servant),"Shirley, James",1630,1,comedy,tragicomedy,comedy,britdrama
505,The Great Duke of Florence,"Massinger, Philip",1636,1,comedy,tragicomedy,comedy,britdrama
384,The Heir,"May, Thomas",1622,1,comedy,comedy,comedy,britdrama
321,The Hog Hath Lost His Pearl,"Tailor, Robert",1614,1,comedy,comedy,comedy,britdrama
594,The Hollander (Love's Trial),"Glapthorne, Henry",1640,1,comedy,comedy,comedy,britdrama
337,The Honest Lawyer,"S., S.",1616,1,comedy,comedy,comedy,britdrama
577,The Humorous Courtier (The Duke),"Shirley, James",1640,1,comedy,comedy,comedy,britdrama
235,The Isle of Gulls,"Day, John",1606,1,comedy,comedy,comedy,britdrama
469,The Jealous Lovers,"Randolph, Thomas",1632,1,comedy,comedy,comedy,britdrama
580,"The Knave in Grain, New Vamped","D., J.",1640,1,comedy,comedy,comedy,britdrama
316,The Knight of the Burning Pestle,"Beaumont, Francis",1613,1,comedy,romance;burlesque,comedy,britdrama
518,The Lady of Pleasure,"Shirley, James",1637,1,comedy,comedy,comedy,britdrama
555,The Lady's Trial,"Ford, John",1639,1,not in BritDrama,comedy,comedy,annals
494,The Late Lancashire Witches,"Heywood, ThomasBrome, Richard",1634,1,comedy,topical play,comedy,britdrama
222,The London Prodigal,Anonymous,1605,1,comedy,comedy,comedy,britdrama
616,"The Magnetic Lady, or Humors Reconciled","Jonson, Ben",1640,1,comedy,comedy,comedy,britdrama
164,The Maid's Metamorphosis,Anonymous,1600,1,pastoral; romance,comedy,comedy,annals
172,The Merchant of Venice (The Jew of Venice),"Shakespeare, William",1600,1,comedy,comedy,comedy,britdrama
264,The Merry Devil of Edmonton,Anonymous,1608,1,comedy,comedy,comedy,britdrama
187,The Merry Wives of Windsor,"Shakespeare, William",1623,1,comedy,comedy,comedy,britdrama
442,"The New Inn, or The Light Heart","Jonson, Ben",1631,1,comedy,comedy,comedy,britdrama
574,"The Night Walker, or The Little Thief","Fletcher, JohnShirley, James",1640,1,comedy,comedy,comedy,britdrama
463,The Northern Lass,"Brome, Richard",1632,1,comedy,comedy,comedy,britdrama
575,The Opportunity,"Shirley, James",1640,1,comedy,comedy,comedy,britdrama
243,The Phoenix,"Middleton, Thomas",1607,1,comedy,comedy,comedy,britdrama
15,The Play of the Weather,"Heywood, John",1544,1,comedy,comedy;interlude,comedy,britdrama
251,"The Puritan, or The Widow of Watling Street (The Puritan Widow)","Middleton, Thomas",1607,1,comedy,comedy,comedy,britdrama
465,The Rival Friends,"Hausted, Peter",1632,1,comedy,tragicomedy,comedy,britdrama
298,"The Roaring Girl, or Moll Cutpurse","Dekker, ThomasMiddleton, Thomas",1611,1,comedy,comedy,comedy,britdrama
538,The Royal Master,"Shirley, James",1638,1,not in BritDrama,comedy,comedy,annals
441,The School of Compliment (Love Tricks),"Shirley, James",1631,1,comedy,comedy,comedy,britdrama
334,The Scornful Lady,"Beaumont, FrancisFletcher, John",1616,1,comedy,comedy,comedy,britdrama
175,"The Shoemaker's Holiday, or The Gentle Craft","Dekker, Thomas",1600,1,comedy,comedy,comedy,britdrama
556,"The Sophister (Fallacy, or The Troubles of Great Hermenia)","Zouche, Richard",1639,1,comedy,morality,comedy,britdrama
456,The Staple of News,"Jonson, Ben",1631,1,comedy,comedy,comedy,britdrama
120,The Taming of a Shrew,Anonymous,1594,1,comedy,comedy,comedy,britdrama
120.5,The Taming of the Shrew,"Shakespeare, William",1623,1,comedy,comedy,comedy,britdrama
390,The Tempest,"Shakespeare, William",1623,1,comedy,comedy,comedy,britdrama
391,The Two Gentlemen of Verona,"Shakespeare, William",1623,1,comedy,comedy,comedy,britdrama
285,The Two Maids of More-Clacke,"Armin, Robert",1609,1,comedy,comedy,comedy,britdrama
364,"The Two Merry Milkmaids, or The Best Words Wear the Garland","Cumber, John",1620,1,comedy,comedy,comedy,britdrama
425,The Wedding,"Shirley, James",1629,1,comedy,comedy,comedy,britdrama
301,The Widow's Tears,"Chapman, George",1612,1,comedy,comedy,comedy,britdrama
535,The Wise Woman of Hogsdon,"Heywood, Thomas",1638,1,comedy,comedy,comedy,britdrama
477,The Witty Fair One,"Shirley, James",1633,1,comedy,comedy,comedy,britdrama
245,The Woman Hater (The Hungry Courtier),"Beaumont, FrancisFletcher, John",1607,1,comedy,comedy,comedy,britdrama
144,The Woman in the Moon,"Lyly, John",1597,1,comedy,comedy,comedy,britdrama
508,The Wonder of A Kingdom,"Dekker, Thomas",1636,1,comedy,comedy,comedy,britdrama
37,Thersites,"Udall, Nicholas",1562,1,comedy,interlude,comedy,britdrama
540,Tottenham Court,"Nabbes, Thomas",1638,1,comedy,,comedy,britdrama
396,"Twelfth Night, or What You Will","Shakespeare, William",1623,1,comedy,comedy,comedy,britdrama
259,"Volpone, or The Fox","Jonson, Ben",1616,1,comedy,comedy,comedy,britdrama
257,Westward Ho,"Dekker, ThomasWebster, John",1607,1,comedy,comedy,comedy,britdrama
252,What You Will,"Marston, John",1607,1,comedy,,comedy,britdrama
234,Wily Beguiled,Anonymous,1606,1,comedy,comedy,comedy,britdrama
591,Wit in a Constable,"Glapthorne, Henry",1640,1,not in BritDrama,comedy,comedy,annals
266,Your Five Gallants (The Five Witty Gallants),"Middleton, Thomas",1608,1,comedy,comedy,comedy,britdrama
153,1 Edward the Fourth,"Heywood, Thomas",1600,1,history,history,history,britdrama
145,1 Henry the Fourth,"Shakespeare, William",1598,1,history,history,history,britdrama
399,1 Henry the Sixth,"AnonymousMarlowe, ChristopherShakespeare, WilliamNashe, Thomas",1623,1,history,history,history,britdrama
215,"1 If You Know Not Me You Know Nobody, or The Troubles of Queen Elizabeth","Heywood, Thomas",1605,1,history,history,history,britdrama
166,1 Sir John Oldcastle,"Wilson, RobertDrayton, MichaelMunday, AnthonyHathaway, Richard",1600,1,history,history,history,britdrama
101,1 The Troublesome Reign of King John,Anonymous,1591,1,history,history,history,britdrama
154,2 Edward the Fourth,"Heywood, Thomas",1600,1,history,history,history,britdrama
167,2 Henry the Fourth,"Shakespeare, William",1600,1,history,history,history,britdrama
119,2 Henry the Sixth (The First Part of the Contention betwixt the Two Famous Houses of York and Lancaster),"AnonymousMarlowe, ChristopherShakespeare, William",1600,1,history,history,history,britdrama
224,2 If You Know Not Me You Know Nobody (The Second Part of Queen Elizabeth's Troubles),"Heywood, Thomas",1606,1,history,history,history,britdrama
102,2 The Troublesome Reign of King John,Anonymous,1611,1,history,history,history,britdrama
138,3 Henry the Sixth (The True Tragedy of Richard Duke of York and the Good King Henry the Sixth),"AnonymousMarlowe, ChristopherShakespeare, William",1623,1,history,history,history,britdrama
192,"A Larum for London, or The Siege of Antwerp",Anonymous,1602,1,history,history,history,britdrama
112,Edward the First,"Peele, George",1593,1,history,history,history,britdrama
129,Edward the Second,"Marlowe, Christopher",1594,1,history,history,history,britdrama
482,Fuimus Troes (The True Trojans),"Fisher, Jasper",1633,1,history,history,history,britdrama
400,Henry the Eighth (All Is True),"Shakespeare, WilliamFletcher, John",1623,1,history,history,history,britdrama
165,Henry the Fifth,"Shakespeare, William",1600,1,history,history,history,britdrama
114,Jack Straw,Anonymous,1593,1,history,history,history,britdrama
398,King John,"Shakespeare, William",1623,1,history,history,history,britdrama
615,Mortimer His Fall,"Jonson, Ben",1640,1,not in BritDrama,history,history,annals
141,Richard the Second,"Shakespeare, William",1597,1,tragedy; history,history,history,annals
142,Richard the Third,"Shakespeare, William",1623,1,tragedy; history,history,history,annals
274,The Conspiracy of Charles Duke of Byron,"Chapman, George",1608,1,history,tragedy,history,britdrama
451,The Duchess of Suffolk,"Drue, Thomas",1631,1,history,history,history,britdrama
256,The Famous History of Sir Thomas Wyatt,"Heywood, ThomasDekker, ThomasChettle, HenryWebster, John",1607,1,history,history,history,britdrama
160,The Love of King David and Fair Bathsheba,"Peele, George",1599,1,biblical play; history,history,history,annals
140,The Reign of King Edward the Third,"AnonymousShakespeare, William",1596,1,history,history,history,britdrama
213,The True Chronicle of King Leir (King Lear and his Three Daughters),Anonymous,1605,1,history,history,history,britdrama
126,The True Tragedy of Richard the Third,Anonymous,1594,1,tragedy; history,history,history,annals
520,The Valiant Scot,"W., J.",1637,1,history,tragedy,history,britdrama
327,The Valiant Welshman (Caradoc the Great),"A., R.",1615,1,history,history,history,britdrama
189,Thomas Lord Cromwell,"S., W.",1602,1,history,history,history,britdrama
212,When You See Me You Know Me (Henry the Eighth),"Rowley, Samuel",1605,1,history,history,history,britdrama
32,Robin Hood (Robin Hood and the Friar) (Robin Hood and the Potter),Anonymous,1590,1,romance; folk romance,interlude,interlude,annals
453,Albion's Triumph,"Townshend, Aurelian",1631,1,masque,masque,masque,britdrama
526,Britannia Triumphans (Britain Triumphing),"Davenant, William",1637,1,not in BritDrama,masque,masque,annals
452,Chloridia: Rites to Chloris and Her Nymphs,"Jonson, Ben",1631,1,masque,masque,masque,britdrama
606,Christmas His Masque (Christmas His Show),"Jonson, Ben",1641,1,masque,masque,masque,britdrama
496,Coelum Britannicum (The British Heaven),"Carew, Thomas",1634,1,masque,masque,masque,britdrama
609,For the Honor of Wales,"Jonson, Ben",1641,1,masque,masque,masque,britdrama
237,"Hymenaei, or the Solemnities of Masque and Barriers at a Marriage (Truth versus Opinion)","Jonson, Ben",1606,1,masque,masque,masque,britdrama
437,Love's Triumph Through Callipolis,"Jonson, Ben",1630,1,masque,masque,masque,britdrama
350,Lovers Made Men (The Masque at Lord Hay's),"Jonson, Ben",1617,1,masque,masque,masque,britdrama
527,"Luminalia, or The Festival of Light","Davenant, William",1637,1,not in BritDrama,masque,masque,annals
348,Mercury Vindicated from the Alchemists at Court,"Jonson, Ben",1616,1,masque,masque,masque,britdrama
514,Microcosmus,"Nabbes, Thomas",1637,1,masque,morality;masque,masque,britdrama
407,Neptune's Triumph for the Return of Albion,"Jonson, Ben",1624,1,masque,masque,masque,britdrama
610,News from the New World Discovered in the Moon,"Jonson, Ben",1641,1,masque,masque,masque,britdrama
611,"Pan's Anniversary, or The Shepherds' Holiday","Jonson, Ben",1641,1,pastoral; masque,masque,masque,annals
608,Pleasure Reconciled to Virtue,"Jonson, Ben",1641,1,masque,masque,masque,britdrama
571,Salmacida Spolia,"Davenant, William",1639,1,not in BritDrama,masque,masque,annals
454,Tempe Restored  (Tempe Restauratum),"Townshend, Aurelian",1631,1,masque,masque,masque,britdrama
291,"Tethys' Festival, or The Queen's Wake (Tethyos Epinicia)","Daniel, Samuel",1610,1,masque,masque,masque,britdrama
411,The Fortunate Isles and Their Union,"Jonson, Ben",1625,1,masque,masque,masque,britdrama
349,The Golden Age Restored,"Jonson, Ben",1616,1,masque,masque,masque,britdrama
585,The Gypsies Metamorphosed,"Jonson, Ben",1641,1,masque,masque,masque,britdrama
358,"The Inner-Temple Masque, or The Masque of Heroes","Middleton, Thomas",1619,1,masque,masque,masque,britdrama
319,The Lord's Masque (Wedding Masque of Stars and Statues Made Human),"Campion, Thomas",1613,1,masque,masque;wedding masque,masque,britdrama
271,The Masque at Lord Haddington's Marriage (The Hue and Cry after the Fugitive Cupid),"Jonson, Ben",1616,1,masque,masque;wedding masque,masque,britdrama
238,The Masque at Lord Hay's Marriage (Apollo's Knights),"Campion, Thomas",1607,1,masque,masque;wedding masque,masque,britdrama
62,The Masque for Lord Montacute (The Montague Masque) (Wedding Masque of Venetians),"Gascoigne, George",1575,1,masque,masque;wedding masque,masque,britdrama
381,The Masque of Augurs,"Jonson, Ben",1641,1,masque,masque,masque,britdrama
270,The Masque of Beauty,"Jonson, Ben",1608,1,masque,masque,masque,britdrama
269,The Masque of Blackness (The Twelfth Night's Revels),"Jonson, Ben",1608,1,masque,masque,masque,britdrama
280,The Masque of Queens,"Jonson, Ben",1616,1,masque,masque,masque,britdrama
309,The Masque of the Inner Temple and Gray's Inn (Wedding Masque of Olympian Knights),"Beaumont, Francis",1613,1,masque,masque,masque,britdrama
488,The Triumph of Peace,"Shirley, James",1633,1,masque,masque,masque,britdrama
502,The Triumphs of the Prince d'Amour,"Davenant, William",1635,1,masque,masque,masque,britdrama
607,The Vision of Delight,"Jonson, Ben",1641,1,masque,masque,masque,britdrama
207,The Vision of the Twelve Goddesses (The Masque at Hampton Court),"Daniel, Samuel",1604,1,masque,masque,masque,britdrama
365,The World Tossed at Tennis,"Middleton, ThomasRowley, William",1620,1,masque,masque,masque,britdrama
385,Time Vindicated to Himself and to His Honors,"Jonson, Ben",1623,1,masque,masque,masque,britdrama
115,A Knack to Know a Knave,Anonymous,1594,1,moral,comedy,moral,britdrama
118,A Looking Glass for London and England,"Lodge, ThomasGreene, Robert",1594,1,biblical play; moral,morality,moral,annals
38,Albion Knight,Anonymous,1566,1,moral,morality;interlude,moral,britdrama
72,All for Money,"Lupton, Thomas",1578,1,moral,satire;morality,moral,britdrama
57,Enough Is as Good as a Feast,"Wager, William",1570,1,moral,morality,moral,britdrama
290,"Histriomastix, or The Player Whipped","Marston, John",1610,1,moral,comedy,moral,britdrama
30,Impatient Poverty,Anonymous,1561,1,moral,morality;interlude,moral,britdrama
50,Like Will to Like (Quoth the Devil to the Collier),"Fulwell, Ulpian",1587,1,moral,morality;interlude,moral,britdrama
239,"Lingua, or The Combat of the Tongue and the Five Senses for Superiority","Tomkis, Thomas",1607,1,comedy; allegory,morality,moral,annals
41,Lusty Juventus,"Wever, R.",1565,1,moral,morality,moral,britdrama
31,Nice Wanton,Anonymous,1560,1,moral,morality,moral,britdrama
124,The Cobbler's Prophecy,"Wilson, Robert",1594,1,moral,comedy,moral,britdrama
78,The Conflict of Conscience,"Woodes, Nathaniel",1581,1,moral,morality,moral,britdrama
190,The Contention between Liberality and Prodigality,Anonymous,1602,1,moral,morality;interlude,moral,britdrama
473,The Contention for Honor and Riches,"Shirley, James",1633,1,moral,morality,moral,britdrama
54,The Disobedient Child,"Ingelend, Thomas",1570,1,moral,interlude,moral,britdrama
47,The Life and Repentance of Mary Magdalene,"Wager, Lewis",1566,1,moral,interlude;biblical play,moral,britdrama
55,The Marriage of Wit and Science,Anonymous,1570,1,moral,morality;interlude,moral,britdrama
76.5,The Most Virtuous and Godly Susanna,"Garter, Thomas",1578,1,moral,morality;interlude,moral,britdrama
547,The Muses' Looking Glass,"Randolph, Thomas",1638,1,moral,comedy,moral,britdrama
134,The Pedlar's Prophecy,Anonymous,1595,1,moral,morality,moral,britdrama
4,The Summoning of Everyman,Anonymous,1534,1,not in BritDrama,morality,moral,annals
85,The Three Ladies of London,"Wilson, Robert",1592,1,moral,morality,moral,britdrama
24,"The Three Laws of Nature, Moses, and Christ, Corrupted by the Sodomites, Pharisees, and Papists","Bale, John",1548,1,moral,morality,moral,britdrama
93,The Three Lords and Three Ladies of London,"Wilson, Robert",1590,1,moral,morality,moral,britdrama
70,The Tide Tarrieth No Man,"Wapull, George",1576,1,moral,morality,moral,britdrama
49,The Trial of Treasure,"Wager, William",1567,1,moral,morality;interlude,moral,britdrama
27,Wealth and Health,Anonymous,1565,1,moral,morality;interlude,moral,britdrama
8,1 Gentleness and Nobility,"Rastell, John",1525,1,not in BritDrama,dialogue,other/multi,none
17,1 Nature,"Medwall, Henry",1530,1,not in BritDrama,morality;interlude,other/multi,none
593,1 Saint Patrick for Ireland,"Shirley, James",1640,1,not in BritDrama,,other/multi,none
9,2 Gentleness and Nobility,"Rastell, John",1525,1,not in BritDrama,dialogue,other/multi,none
18,2 Nature,"Medwall, Henry",1530,1,not in BritDrama,morality;interlude,other/multi,none
326,"A Merry Dialogue between Band, Cuff, and Ruff",Anonymous,1615,1,entertainment; academic entertainment,comedy;dialogue,other/multi,none
16,A Play of Love,"Heywood, John",1534,1,not in BritDrama,disputation,other/multi,none
541,Aglaura,"Suckling, John",1638,1,not in BritDrama,tragicomedy;tragedy,other/multi,none
564,Albertus Wallenstein,"Glapthorne, Henry",1639,1,not in BritDrama,history;foreign history,other/multi,none
529,Apollo and Daphne,"Heywood, Thomas",1637,1,classical legend or myth,dialogue,other/multi,none
208,Arches of Triumph (The Royal Entry of King James I into London),"Dekker, ThomasJonson, BenMiddleton, ThomasHarrison, StephenRuytinck, SimonCool, JacobThorius, Raphael",1604,1,entertainment; royal entertainment or entry,entertainment,other/multi,none
419,Britannia's Honor,"Dekker, Thomas",1628,1,civic play; pageant,civic pageant,other/multi,none
288,Chester's Triumph (St George's Day Entertainment),"Amory, RobertDavies, Richard",1610,1,civic play; pageant,entertainment,other/multi,none
295,Chruso-Thriambos: The Triumphs of Gold,"Munday, Anthony",1611,1,civic play; pageant,civic pageant,other/multi,none
335,"Chrysanaleia: The Golden Fishing, or Honor of Fishmongers","Munday, Anthony",1616,1,civic play; pageant,civic pageant,other/multi,none
338,"Civitatis Amor (Water Pageant for Prince Charles: London and Neptune, Hope and Peace)","Middleton, Thomas",1616,1,entertainment; royal entertainment or entry,entertainment,other/multi,none
524,Comus (The Masque at Ludlow Castle),"Milton, John",1637,1,pastoral; masque,masque;morality,other/multi,none
100,Descensus Astraeae (The Descent of Astraea),"Peele, George",1591,1,civic play; pageant,civic pageant,other/multi,none
322,Himatia-Poleos: The Triumphs of Old Drapery,"Munday, Anthony",1614,1,civic play; pageant,civic pageant,other/multi,none
51,Jacob and Esau,"Udall, Nicholas",1568,1,biblical play,interlude;biblical play,other/multi,none
528,Jupiter and Io,"Heywood, Thomas",1637,1,classical legend or myth,dialogue,other/multi,none
466,"Londini Artium et Scientiarum Scaturigo, or London's Fountain of Arts and Sciences","Heywood, Thomas",1632,1,civic play; pageant,civic pageant,other/multi,none
483,Londini Emporia (London's Markets),"Heywood, Thomas",1633,1,civic play; pageant,civic pageant,other/multi,none
522,"Londini Speculum, or London's Mirror","Heywood, Thomas",1637,1,not in BritDrama,civic pageant,other/multi,none
566,"Londini Status Pacatus, or London's Peaceable Estate","Heywood, Thomas",1639,1,not in BritDrama,civic pageant,other/multi,none
448,London's Ius Honorarium (London's Law of Honor),"Heywood, Thomas",1631,1,civic play; pageant,civic pageant,other/multi,none
289,London's Love to Prince Henry (Water Pageant of Corinea and Amphion),"Munday, Anthony",1610,1,entertainment; royal entertainment or entry,entertainment,other/multi,none
421,"London's Tempe, or The Field of Happiness","Dekker, Thomas",1629,1,civic play; pageant,civic pageant,other/multi,none
332,Metropolis Coronata: The Triumphs of Ancient Drapery,"Munday, Anthony",1615,1,civic play; pageant,civic pageant,other/multi,none
409,Monuments of Honor,"Webster, John",1624,1,civic play; pageant,civic pageant,other/multi,none
229,Nobody and Somebody,Anonymous,1606,1,history; satire,history;pseudo-history,other/multi,none
546,"Porta Pietatis, or The Port or Harbor of Piety","Heywood, Thomas",1638,1,not in BritDrama,civic pageant,other/multi,none
342,Prince Henry's Barriers  (The Lady of the Lake) (Merlin and Meliadus),"Jonson, Ben",1616,1,entertainment; tournament,entertainment,other/multi,none
355,"Siderothriambos, or Steel and Iron Triumphing","Munday, Anthony",1618,1,civic play; pageant,civic pageant,other/multi,none
366,"Tes Irenes Trophaea, or The Triumphs of Peace","Squire, John",1620,1,civic play; pageant,civic pageant,other/multi,none
10,The Beauty and Good Properties of Women (Calisto and Melebea) (Celestina),"Rastell, John",1525,1,not in BritDrama,interlude;romance,other/multi,none
313,The Brazen Age (The Age of Brass),"Heywood, Thomas",1613,1,classical legend or myth,classical legend,other/multi,none
576,The Bride,"Nabbes, Thomas",1640,1,not in BritDrama,,other/multi,none
22,The Chief Promises of God unto Man (God's Promises),"Bale, John",1547,1,biblical play,mystery,other/multi,none
432,The Conceited Pedlar (The University Pedlar),"Randolph, Thomas",1630,1,entertainment; academic entertainment,monologue,other/multi,none
200,The Coronation Triumph (The Royal Entry of King James I into London),"Jonson, Ben",1604,1,entertainment; royal entertainment or entry,entertainment,other/multi,none
370,The Entertainment at Bunhill on the Shooting Day (The Archer),"Middleton, Thomas",1621,1,entertainment; civic play,civic pageant,other/multi,none
75,The Entertainment at Norwich (Royal Entry of Queen Elizabeth),"Garter, BernardGoldingham, William",1578,1,entertainment; royal entertainment or entry,entertainment,other/multi,none
374,The Entertainment at Sir Francis Jones's Welcome (Comus the Great Sir of Feasts) (The Servant of Comus),"Middleton, Thomas",1621,1,entertainment; civic play,civic pageant,other/multi,none
376,The Entertainment at Sir Francis Jones's at Easter (The Four Seasons),"Middleton, Thomas",1621,1,entertainment; civic play,civic pageant,other/multi,none
369,The Entertainment at Sir William Cokayne's in Easter Week (The Cock),"Middleton, Thomas",1621,1,entertainment; civic play,civic pageant,other/multi,none
371,The Entertainment at the Conduit Head (The Water Nymph),"Middleton, Thomas",1621,1,entertainment; civic play,civic pageant,other/multi,none
372,The Entertainment for the General Training (Pallas),"Middleton, Thomas",1621,1,entertainment; civic play,civic pageant,other/multi,none
76,The Entertainment in Suffolk and Norfolk (Royal Entry of Queen Elizabeth into Norwich),"Churchyard, Thomas",1578,1,entertainment; royal entertainment or entry,entertainment,other/multi,none
77,The Entertainment of the French Ambassadors (The Fortress of Perfect Beauty) (Tilt of the Foster-Children of Desire),"Goldwell, Henry",1581,1,tilt,entertainment;tilt,other/multi,none
377,The Entertainment of the Lords of the Council by Sheriff Allen (Flora's Welcome),"Middleton, Thomas",1621,1,entertainment; civic play,civic pageant,other/multi,none
378,The Entertainment of the Lords of the Council by Sheriff Ducie (Flora's Servants),"Middleton, Thomas",1621,1,entertainment; civic play,civic pageant,other/multi,none
21,The Four P's,"Heywood, John",1544,1,not in BritDrama,comedy;interlude,other/multi,none
294,"The Golden Age, or The Lives of Jupiter and Saturn","Heywood, Thomas",1611,1,classical legend or myth,classical legend,other/multi,none
329,"The Hector of Germany, or The Palsgrave, Prime Elector","Smith, William",1615,1,history; pseudo-history,history;pseudo-history,other/multi,none
20,The Interlude of Youth,Anonymous,1565,1,not in BritDrama,morality;interlude,other/multi,none
202,The Magnificent Entertainment Given to King James (The Royal Entry of King James I into London),"Dekker, ThomasJonson, BenMiddleton, ThomasRuytinck, SimonCool, JacobThorius, Raphael",1604,1,pageant; civic play; entertainment; royal entertainment or entry,entertainment,other/multi,none
612,The Masque of Owls,"Jonson, Ben",1641,1,entertainment,entertainment,other/multi,none
6,The Nature of the Four Elements (Natura Naturata),"Rastell, John",1520,1,not in BritDrama,morality;interlude,other/multi,none
87,The Pageant before Woolstone Dixie,"Peele, George",1585,1,civic play; pageant,civic pageant,other/multi,none
96,The Pageant for John Allot,"Nelson, Thomas",1590,1,civic play; pageant,civic pageant,other/multi,none
14,"The Pardoner and the Friar, the Curate, and Neighbor Pratte","Heywood, John",1533,1,not in BritDrama,comedy;interlude,other/multi,none
511,The Presentment of Bushell's Rock (Royal Entertainment at Enstone),"Jordan, ThomasBushell, Thomas (mining entrepreneur)",1636,1,entertainment; royal entertainment or entry,entertainment,other/multi,none
88,The Queen's Entertainment at Woodstock,Anonymous,1585,1,entertainment; royal entertainment or entry,entertainment,other/multi,none
111.1,The Royal Entertainment at Bisham Abbey,Anonymous,1592,1,entertainment; royal entertainment or entry,entertainment,other/multi,none
318,The Royal Entertainment at Caversham,"Campion, Thomas",1613,1,entertainment; masque; royal entertainment or entry,entertainment,other/multi,none
103,The Royal Entertainment at Cowdray,Anonymous,1591,1,entertainment; royal entertainment or entry,entertainment,other/multi,none
339,The Royal Entertainment at Highgate (The Penates),"Jonson, Ben",1616,1,entertainment; royal entertainment or entry,entertainment,other/multi,none
111.3,The Royal Entertainment at Rycote,Anonymous,1592,1,entertainment; royal entertainment or entry,entertainment,other/multi,none
111.2,The Royal Entertainment at Sudeley Castle,Anonymous,1592,1,entertainment; royal entertainment or entry,entertainment,other/multi,none
341,"The Royal Entertainment at Theobalds, 1607 (The Genius)","Jonson, Ben",1616,1,entertainment; royal entertainment or entry,entertainment,other/multi,none
201,The Royal Entertainment of the Queen and Prince at Althorp (The Satyr),"Jonson, Ben",1604,1,entertainment; royal entertainment or entry,entertainment,other/multi,none
340,"The Royal Entertainment of the Two Kings of Great Britain and Denmark (The Entertainment at Theobalds, 1606) (The Hours)","Jonson, Ben",1616,1,entertainment; royal entertainment or entry,entertainment,other/multi,none
487,The Royal Entry of King Charles I into Edinburgh (The Entertainment at Edinburgh),"Drummond, WilliamAdamson, JohnCrawford, Thomas",1633,1,entertainment; royal entertainment or entry,entertainment,other/multi,none
618,"The Sad Shepherd, or A Tale of Robin Hood","Jonson, Ben",1641,1,not in BritDrama,comedy;pastoral,other/multi,none
367,The Sun in Aries,"Middleton, Thomas",1621,1,civic play; pageant,civic pageant,other/multi,none
23,"The Temptation of Our Lord and Saviour, Jesus Christ, by Satan in the Desert","Bale, John",1547,1,biblical play,mystery,other/multi,none
495,The Triumphs of Fame and Honor,"Taylor, John",1634,1,civic play; pageant,civic pageant,other/multi,none
413,The Triumphs of Health and Prosperity,"Middleton, Thomas",1626,1,civic play; pageant,civic pageant,other/multi,none
351,The Triumphs of Honor and Industry,"Middleton, Thomas",1617,1,civic play; pageant,civic pageant,other/multi,none
383,The Triumphs of Honor and Virtue,"Middleton, Thomas",1622,1,civic play; pageant,civic pageant,other/multi,none
387,The Triumphs of Integrity,"Middleton, Thomas",1623,1,civic play; pageant,civic pageant,other/multi,none
359,The Triumphs of Love and Antiquity,"Middleton, Thomas",1619,1,civic play; pageant,civic pageant,other/multi,none
218,The Triumphs of Reunited Britannia,"Munday, Anthony",1605,1,civic play; pageant,civic pageant,other/multi,none
311,The Triumphs of Truth,"Munday, AnthonyMiddleton, Thomas",1613,1,civic play; pageant,civic pageant,other/multi,none
581,The Unfortunate Mother,"Nabbes, Thomas",1640,1,not in BritDrama,,other/multi,none
241,The Whore of Babylon,"Dekker, Thomas",1607,1,history; allegory,history;allegory,other/multi,none
302,Troia Nova Triumphans (London Triumphing),"Dekker, Thomas",1612,1,civic play; pageant,civic pageant,other/multi,none
361,Two Wise Men and All the Rest Fools,Anonymous,1619,1,satire; dialogue,comedy;dialogue,other/multi,none
426,"Wine, Beer, and Ale Together by the Ears (Wine, Beer, Ale, and Tobacco Contending for Superiority)",Anonymous,1629,1,dialogue,entertainment,other/multi,none
331,"Work for Cutlers (Sword, Rapier, and Dagger)",Anonymous,1615,1,entertainment; academic entertainment,comedy;dialogue,other/multi,none
417,Aminta,"Tasso, TorquatoReynolds, Henry",1628,1,pastoral,pastoral,pastoral,britdrama
530,"Amphrisa, or The Forsaken Shepherdess (Polopaea and Alope)","Heywood, Thomas",1637,1,pastoral,dialogue,pastoral,britdrama
548,"Amyntas, or The Impossible Dowry","Randolph, Thomas",1638,1,pastoral,pastoral,pastoral,britdrama
325,Hymen's Triumph,"Daniel, Samuel",1615,1,pastoral; tragicomedy,pastoral,pastoral,annals
183,"Il Pastor Fido, or The Faithful Shepherd","Dymoke, TailboysGuarini, Giovanni Battista",1602,1,pastoral,pastoral,pastoral,britdrama
600,Love Crowns the End,"Tatham, John",1640,1,pastoral,pastoral,pastoral,britdrama
178,Love's Metamorphosis,"Lyly, John",1601,1,pastoral; comedy,pastoral,pastoral,annals
539,Love's Riddle,"Cowley, Abraham",1638,1,pastoral,pastoral,pastoral,britdrama
97,Phillis and Amyntas (Ivychurch) (Amyntas' Pastoral),"Fraunce, AbrahamTasso, Torquato",1591,1,pastoral,pastoral,pastoral,britdrama
449,Rhodon and Iris,"Knevet, Ralph",1631,1,pastoral,pastoral,pastoral,britdrama
443,Sicelides (The Sicilians),"Fletcher, Phineas",1631,1,pastoral,piscatory,pastoral,britdrama
83,The Arraignment of Paris,"Peele, George",1584,1,pastoral,pastoral;classical legend,pastoral,britdrama
287,The Faithful Shepherdess,"Fletcher, John",1610,1,pastoral; tragicomedy,pastoral,pastoral,annals
227,The Queen's Arcadia (Arcadia Reformed),"Daniel, Samuel",1606,1,pastoral,pastoral,pastoral,britdrama
499,The Shepherds' Holiday,"Rutter, Joseph",1635,1,pastoral,pastoral,pastoral,britdrama
531,A Shoemaker a Gentleman,"Rowley, William",1638,1,romance,comedy,romance,britdrama
156,"Alphonsus, King of Aragon","Greene, Robert",1599,1,romance,romance,romance,britdrama
188,"Blurt, Master Constable, or The Spaniard's Night Walk",Anonymous,1602,1,romance,comedy,romance,britdrama
406,"Cymbeline, King of Britain","Shakespeare, William",1623,1,romance,tragicomedy,romance,britdrama
158,"George a Green, the Pinner of Wakefield","Greene, Robert",1599,1,romance,comedy;romance,romance,britdrama
151,Mucedorus (and Amadine),Anonymous,1598,1,romance,comedy;romance,romance,britdrama
162,Old Fortunatus,"Dekker, Thomas",1600,1,romance,comedy,romance,britdrama
123,Orlando Furioso,"Greene, Robert",1594,1,romance,comedy;romance,romance,britdrama
284,"Pericles, Prince of Tyre","Shakespeare, WilliamWilkins, George",1609,1,romance,tragicomedy,romance,britdrama
333,The Four Prentices of London,"Heywood, Thomas",1615,1,romance,romance,romance,britdrama
137,The Old Wives Tale,"Peele, George",1595,1,romance,romance,romance,britdrama
516,The Royal King and the Loyal Subject,"Heywood, Thomas",1637,1,romance,tragicomedy,romance,britdrama
149,The Scottish History of James the Fourth,"Greene, Robert",1598,1,romance,history,romance,britdrama
545,The Seven Champions of Christendom,"Kirke, John",1638,1,romance,romance,romance,britdrama
439,The Spanish Bawd (Calisto and Meliboea) (Celestina),"Mabbe, JamesRojas, Fernando de",1631,1,tragicomedy; literary play,romance,romance,annals
584,The Strange Discovery,"Gough, J.",1640,1,romance,tragicomedy,romance,britdrama
210,The Trial of Chivalry (This Gallant Cavaliero Dick Bowyer),Anonymous,1605,1,romance,history;pseudo-history,romance,britdrama
397,The Winter's Tale,"Shakespeare, William",1623,1,romance,tragicomedy,romance,britdrama
221,"1 Jeronimo, with the Wars of Portugal",Anonymous,1605,1,tragedy,history;pseudo-history,tragedy,britdrama
94,1 Tamburlaine the Great,"Marlowe, Christopher",1590,1,tragedy,romance,tragedy,britdrama
95,2 Tamburlaine the Great,"Marlowe, Christopher",1590,1,tragedy,romance,tragedy,britdrama
300,A Christian Turned Turk (The Two Famous Pirates),"Daborne, Robert",1612,1,tragedy,tragedy,tragedy,britdrama
258,A Woman Killed with Kindness,"Heywood, Thomas",1607,1,tragedy,tragedy,tragedy,britdrama
272,A Yorkshire Tragedy,"Middleton, Thomas",1608,1,tragedy,tragedy,tragedy,britdrama
71,Abraham's Sacrifice,"Golding, ArthurBeza, Theodore",1577,1,biblical play,tragedy,tragedy,annals
42,Agamemnon (Seneca's Eighth Tragedy),"Seneca, Lucius AnnaeusStudley, John",1566,1,tragedy,tragedy,tragedy,britdrama
489,Alaham,"Greville, Fulke",1633,1,tragedy,tragedy,tragedy,britdrama
422,"Albovine, King of the Lombards","Davenant, William",1629,1,tragedy,tragedy,tragedy,britdrama
471,All's Lost by Lust,"Rowley, William",1633,1,tragedy,tragedy,tragedy,britdrama
450,"Antigone, the Theban Princess","May, Thomas",1631,1,tragedy,tragedy,tragedy,britdrama
185,Antonio's Revenge (2 Antonio and Mellida),"Marston, John",1602,1,tragedy,,tragedy,britdrama
108,Antonius (Antony),"Herbert, Mary SidneyGarnier, RobertSidney Herbert, Mary",1595,1,tragedy,tragedy,tragedy,britdrama
405,Antony and Cleopatra,"Shakespeare, William",1623,1,tragedy,tragedy,tragedy,britdrama
65,Appius and Virginia,"B., R.",1575,1,tragedy,morality,tragedy,britdrama
246,Bussy D'Ambois,"Chapman, George",1607,1,tragedy,,tragedy,britdrama
444,Caesar and Pompey (The Wars of Caesar and Pompey),"Chapman, George",1631,1,tragedy,history,tragedy,britdrama
56,"Cambises, King of Persia","Preston, Thomas",1570,1,tragedy,tragedy,tragedy,britdrama
296,Catiline His Conspiracy,"Jonson, Ben",1611,1,tragedy,tragedy,tragedy,britdrama
550,"Chabot, Admiral of France","Chapman, GeorgeShirley, James",1639,1,tragedy,tragedy,tragedy,britdrama
132,Cleopatra,"Daniel, Samuel",1594,1,tragedy,tragedy,tragedy,britdrama
553,"Cleopatra, Queen of Egypt","May, Thomas",1639,1,tragedy,tragedy,tragedy,britdrama
401,Coriolanus,"Shakespeare, William",1623,1,tragedy,tragedy,tragedy,britdrama
116,Cornelia (Pompey the Great His Fair Cornelia's Tragedy),"Garnier, RobertKyd, Thomas",1594,1,tragedy,tragedy,tragedy,britdrama
209,Croesus,"Alexander, William",1604,1,tragedy,tragedy,tragedy,britdrama
328,Cupid's Revenge,"Beaumont, FrancisFletcher, John",1615,1,tragedy,tragedy,tragedy,britdrama
314,"Cynthia's Revenge, or Maenander's Ecstasy","Stephens, John",1613,1,tragedy,tragedy,tragedy,britdrama
196,Darius,"Alexander, William",1604,1,tragedy,,tragedy,britdrama
128,"Dido, Queen of Carthage","Marlowe, ChristopherNashe, Thomas",1594,1,tragedy,tragedy,tragedy,britdrama
205,Doctor Faustus,"AnonymousMarlowe, Christopher",1604,1,tragedy,tragedy,tragedy,britdrama
39,Ferrex and Porrex (Gorboduc),"Norton, ThomasSackville, Thomas",1565,1,tragedy,tragedy,tragedy,britdrama
197,"Hamlet, Prince of Denmark","Shakespeare, William",1623,1,tragedy,tragedy,tragedy,britdrama
513,Hannibal and Scipio,"Nabbes, Thomas",1637,1,tragedy,tragedy,tragedy,britdrama
34,Hercules Furens (Mad Hercules) (Seneca's First Tragedy),"Heywood, JasperSeneca, Lucius Annaeus",1561,1,tragedy; literary play,tragedy,tragedy,annals
81,Hercules Oetaeus (Hercules on Mount Oeta) (Seneca's Tenth Tragedy),"Seneca, Lucius AnnaeusStudley, John",1581,1,tragedy,tragedy,tragedy,britdrama
382,Herod and Antipater,"Markham, GervaseSampson, William",1622,1,tragedy,tragedy,tragedy,britdrama
80,Hippolytus (Seneca's Fourth Tragedy),"Seneca, Lucius AnnaeusStudley, John",1581,1,tragedy,tragedy,tragedy,britdrama
438,"Hoffman, or A Revenge for a Father","Chettle, Henry",1631,1,tragedy,tragedy,tragedy,britdrama
560,Imperiale,"Freeman, Ralph",1639,1,not in BritDrama,tragedy,tragedy,annals
61,Jocasta,"Gascoigne, GeorgeKinwelmershe, FrancisYelverton, ChristopherEuripidesDolce, Lodovico",1573,1,tragedy,tragedy,tragedy,britdrama
261,Julius Caesar,"Alexander, William",1607,1,tragedy,tragedy,tragedy,britdrama
403,Julius Caesar,"Shakespeare, William",1623,1,tragedy,tragedy,tragedy,britdrama
265,King Lear,"Shakespeare, William",1608,1,tragedy,tragedy,tragedy,britdrama
136,"Locrine, the Eldest Son of King Brutus","S., W.",1595,1,tragedy,history;pseudo-history,tragedy,britdrama
418,"Lodovic Sforza, Duke of Milan","Gomersall, Robert",1628,1,tragedy,tragedy,tragedy,britdrama
573,Love's Cruelty,"Shirley, James",1640,1,tragedy,tragedy,tragedy,britdrama
478,Love's Sacrifice,"Ford, John",1633,1,tragedy,tragedy,tragedy,britdrama
404,Macbeth,"Shakespeare, WilliamMiddleton, Thomas",1623,1,tragedy,tragedy,tragedy,britdrama
107,Master Arden of Faversham in Kent,"AnonymousKyd, ThomasShakespeare, WilliamWatson, Thomas",1592,1,tragedy,tragedy,tragedy,britdrama
44,Medea (Seneca's Seventh Tragedy),"Seneca, Lucius AnnaeusStudley, John",1566,1,tragedy,tragedy,tragedy,britdrama
578,"Messalina, the Roman Empress","Richards, Nathaniel",1640,1,tragedy,tragedy,tragedy,britdrama
278,Mustapha,"Greville, Fulke",1633,1,tragedy,tragedy,tragedy,britdrama
410,Nero (Piso's Conspiracy),Anonymous,1624,1,tragedy,tragedy,tragedy,britdrama
45,Octavia (Seneca's Ninth Tragedy),"Seneca, Lucius AnnaeusNuce, ThomasPseudo-Seneca",1566,1,tragedy,tragedy,tragedy,britdrama
36,Oedipus (Seneca's Fifth Tragedy),"Seneca, Lucius AnnaeusNeville, Alexander",1581,1,tragedy,tragedy,tragedy,britdrama
485,Orestes,"Goffe, Thomas",1633,1,tragedy,tragedy,tragedy,britdrama
379,"Othello, the Moor of Venice","Shakespeare, William",1623,1,tragedy,tragedy,tragedy,britdrama
143,Romeo and Juliet,"Shakespeare, William",1623,1,tragedy,tragedy,tragedy,britdrama
216,Sejanus His Fall,"Jonson, Ben",1616,1,tragedy,tragedy,tragedy,britdrama
599,"Sicily and Naples, or The Fatal Union","Harding, Samuel",1640,1,not in BritDrama,tragedy,tragedy,annals
109,Soliman and Perseda (Zulziman),Anonymous,1592,1,tragedy,tragedy,tragedy,britdrama
104,Tancred and Gismund (Gismond of Salerne),"Wilmot, RobertHatton, ChristopherNoel, HenryAl., G.Stafford, Roderick",1591,1,tragedy,tragedy,tragedy,britdrama
260,The Alexandraean Tragedy,"Alexander, William",1607,1,tragedy,tragedy,tragedy,britdrama
293,"The Atheist's Tragedy, or The Honest Man's Revenge","Tourneur, Cyril",1611,1,tragedy,tragedy,tragedy,britdrama
127,The Battle of Alcazar,"Peele, George",1594,1,tragedy,history;foreign history,tragedy,britdrama
567,The Bloody Banquet,"Dekker, ThomasMiddleton, Thomas",1639,1,tragedy,tragedy,tragedy,britdrama
565,"The Bloody Brother (Rollo, Duke of Normandy)","Fletcher, JohnField, NathanMassinger, Philip",1639,1,tragedy,tragedy,tragedy,britdrama
480,The Broken Heart,"Ford, John",1633,1,tragedy,tragedy,tragedy,britdrama
537,The Conspiracy (Pallantus and Eudora),"Killigrew, Henry",1638,1,tragedy,tragicomedy,tragedy,britdrama
458,"The Courageous Turk, or Amurath the First","Goffe, Thomas",1632,1,tragedy,tragedy,tragedy,britdrama
427,The Cruel Brother,"Davenant, William",1630,1,tragedy,tragedy,tragedy,britdrama
180,"The Death of Robert, Earl of Huntingdon (2 Robin Hood)","Munday, AnthonyChettle, Henry",1601,1,tragedy,history,tragedy,britdrama
254,"The Devil's Charter, or Pope Alexander the Sixth","Barnes, Barnabe",1607,1,tragedy,tragedy,tragedy,britdrama
389,The Duchess of Malfi,"Webster, John",1623,1,tragedy,tragedy,tragedy,britdrama
386,The Duke of Milan,"Massinger, Philip",1623,1,tragedy,tragedy,tragedy,britdrama
464,The Fatal Dowry,"Field, NathanMassinger, Philip",1632,1,tragedy,tragedy,tragedy,britdrama
315,The Insatiate Countess,"Marston, JohnMachin, LewisBarkstead, William",1613,1,tragedy,tragedy,tragedy,britdrama
48,The Interlude of Vice (Orestes),"Pickering, John",1567,1,tragedy,morality;interlude,tragedy,britdrama
475,The Jew of Malta,"Marlowe, Christopher",1633,1,tragedy,tragedy,tragedy,britdrama
562,The Maid's Revenge,"Shirley, James",1639,1,tragedy,tragedy,tragedy,britdrama
357,The Maid's Tragedy,"Beaumont, FrancisFletcher, John",1619,1,tragedy,tragedy,tragedy,britdrama
133,The Massacre at Paris,"Marlowe, Christopher",1596,1,tragedy,history;foreign history,tragedy,britdrama
249,The Miseries of Enforced Marriage,"Wilkins, George",1607,1,tragedy,domestic drama,tragedy,britdrama
89,The Misfortunes of Arthur (Certain Devices and Shows Presented to Her Majesty),"Hughes, ThomasFulbecke, William",1587,1,tragedy,tragedy,tragedy,britdrama
490,"The Noble Spanish Soldier (The Noble Soldier, or A Contract Broken Justly Revenged)","Dekker, Thomas",1634,1,tragedy,history;pseudo-history;foreign history,tragedy,britdrama
569,The Phoenix in Her Flames,"Lower, William",1639,1,not in BritDrama,tragedy,tragedy,annals
447,"The Raging Turk, or Bajazet the Second","Goffe, Thomas",1631,1,tragedy,tragedy,tragedy,britdrama
273,The Rape of Lucrece,"Heywood, Thomas",1608,1,tragedy,tragedy,tragedy,britdrama
582,The Rebellion,"Rawlins, Thomas",1640,1,tragedy,tragedy,tragedy,britdrama
307,The Revenge of Bussy D'Ambois,"Chapman, George",1613,1,tragedy,tragedy,tragedy,britdrama
253,The Revenger's Tragedy,"Middleton, Thomas",1607,1,tragedy,tragedy,tragedy,britdrama
110,The Spanish Tragedy (Hieronimo is Mad Again),"Kyd, Thomas",1592,1,tragedy,tragedy,tragedy,britdrama
275,The Tragedy of Charles Duke of Byron,"Chapman, George",1608,1,tragedy,tragedy,tragedy,britdrama
498,The Traitor,"Shirley, James",1635,1,tragedy,tragedy,tragedy,britdrama
286,The Turk (Muleasses the Turk),"Mason, John",1610,1,tragedy,tragedy,tragedy,britdrama
559,The Unnatural Combat,"Massinger, Philip",1639,1,tragedy,tragedy,tragedy,britdrama
380,The Virgin Martyr,"Dekker, ThomasMassinger, Philip",1622,1,tragedy,tragedy,tragedy,britdrama
510,"The Vow Breaker, or The Fair Maid of Clifton","Sampson, William",1636,1,tragedy,history;tragedy,tragedy,britdrama
131,"The Wars of Cyrus, King of Persia",Anonymous,1594,1,tragedy,history,tragedy,britdrama
306,The White Devil (Vittoria Corombona),"Webster, John",1612,1,tragedy,tragedy,tragedy,britdrama
231,"The Wonder of Women, or Sophonisba","Marston, John",1606,1,tragedy,tragedy,tragedy,britdrama
122,"The Wounds of Civil War, or Marius and Scilla","Lodge, Thomas",1594,1,tragedy,history,tragedy,britdrama
79,Thebais (Seneca's Third Tragedy),"Seneca, Lucius AnnaeusNewton, Thomas",1581,1,tragedy,tragedy,tragedy,britdrama
368,Thierry and Theodoret,"AnonymousFletcher, JohnMassinger, Philip",1621,1,tragedy,tragedy,tragedy,britdrama
29,Thyestes (Seneca's Second Tragedy),"Heywood, JasperSeneca, Lucius Annaeus",1560,1,tragedy,tragedy,tragedy,britdrama
402,Timon of Athens,"Shakespeare, WilliamMiddleton, Thomas",1623,1,tragedy,tragedy,tragedy,britdrama
117,Titus Andronicus,"Peele, GeorgeShakespeare, William",1594,1,tragedy,tragedy,tragedy,britdrama
28,Troas (Seneca's Sixth Tragedy),"Heywood, JasperSeneca, Lucius Annaeus",1581,1,tragedy,tragedy,tragedy,britdrama
279,Troilus and Cressida,"Shakespeare, William",1623,1,tragedy,tragedy,tragedy,britdrama
182,Two Lamentable Tragedies,"Yarington, Robert",1601,1,tragedy,tragedy,tragedy,britdrama
525,1 The Cid (The Valiant Cid),"Rutter, JosephCorneille, Pierre",1637,1,not in BritDrama,tragicomedy,tragicomedy,annals
596,2 The Cid,"Rutter, JosephDesfontaines, Nicolas-Marc",1640,1,not in BritDrama,tragicomedy,tragicomedy,annals
509,A Challenge for Beauty,"Heywood, Thomas",1636,1,tragicomedy,tragicomedy,tragicomedy,britdrama
360,A King and No King,"Beaumont, FrancisFletcher, John",1619,1,tragicomedy,tragicomedy,tragicomedy,britdrama
139,A Knack to Know an Honest Man,Anonymous,1596,1,tragicomedy,tragicomedy,tragicomedy,britdrama
501,"Adrasta, or The Woman's Spleen and Love's Conquest","Jones, John",1635,1,tragicomedy,tragicomedy,tragicomedy,britdrama
395,All's Well That Ends Well,"Shakespeare, WilliamMiddleton, Thomas",1623,1,tragicomedy,comedy,tragicomedy,britdrama
440,Match Me in London,"Dekker, Thomas",1631,1,tragicomedy,tragicomedy,tragicomedy,britdrama
392,Measure for Measure,"Shakespeare, WilliamMiddleton, Thomas",1623,1,tragicomedy,comedy,tragicomedy,britdrama
363,"Philaster, or Love Lies a-Bleeding","Beaumont, FrancisFletcher, John",1620,1,tragicomedy,tragicomedy,tragicomedy,britdrama
583,The Arcadia,"Shirley, James",1640,1,pastoral; romance,tragicomedy,tragicomedy,annals
408,The Bondman (The Noble Bondman),"Massinger, Philip",1624,1,tragicomedy,tragicomedy,tragicomedy,britdrama
572,The Coronation,"Shirley, James",1640,1,tragicomedy,comedy,tragicomedy,britdrama
423,The Deserving Favorite,"Carlell, Lodowick",1629,1,tragicomedy,tragicomedy,tragicomedy,britdrama
388,The Devil's Law Case (When Women Go to Law the Devil Is Full of Business),"Webster, John",1623,1,tragicomedy,tragicomedy,tragicomedy,britdrama
277,The Dumb Knight,"Markham, GervaseMachin, Lewis",1608,1,tragicomedy,comedy,tragicomedy,britdrama
459,The Emperor of the East,"Massinger, Philip",1632,1,tragicomedy,tragicomedy,tragicomedy,britdrama
484,The English Traveller,"Heywood, Thomas",1633,1,tragicomedy,tragicomedy,tragicomedy,britdrama
211,The Fair Maid of Bristol,Anonymous,1605,1,tragicomedy,comedy,tragicomedy,britdrama
428,The Just Italian,"Davenant, William",1630,1,tragicomedy,comedy,tragicomedy,britdrama
590,The Ladies' Privilege (The Lady's Privilege),"Glapthorne, Henry",1640,1,not in BritDrama,tragicomedy,tragicomedy,annals
534,The Lost Lady,"Berkeley, William",1638,1,not in BritDrama,tragicomedy,tragicomedy,annals
420,The Lover's Melancholy,"Ford, John",1629,1,tragicomedy,tragicomedy,tragicomedy,britdrama
470,The Maid of Honor,"Massinger, Philip",1632,1,tragicomedy,tragicomedy,tragicomedy,britdrama
203,The Malcontent,"Marston, John",1604,1,tragicomedy,tragicomedy,tragicomedy,britdrama
430,"The Renegado, or The Gentleman of Venice","Massinger, Philip",1630,1,tragicomedy,tragicomedy,tragicomedy,britdrama
570,The Royal Slave,"Cartwright, William",1639,1,tragicomedy,tragicomedy,tragicomedy,britdrama
492,The Two Noble Kinsmen,"Shakespeare, WilliamFletcher, John",1634,1,tragicomedy,tragicomedy,tragicomedy,britdrama
519,The Young Admiral,"Shirley, James",1637,1,tragicomedy,tragicomedy,tragicomedy,britdrama
