topic,label,use,genres_tested,mean comedy,mean tragedy,mean history,mean tragicomedy,mean moral,mean romance,mean pastoral,mean masque,median comedy,median tragedy,median history,median tragicomedy,median moral,median romance,median pastoral,median masque,works_with_topic comedy,works_with_topic tragedy,works_with_topic history,works_with_topic tragicomedy,works_with_topic moral,works_with_topic romance,works_with_topic pastoral,works_with_topic masque,highest,highest_works_with_topic,highest_top_work_share,single_work_driven,second,ratio_high_second,lowest,kruskal_p,bh_q
0,"Court life: dukes, favour and honour",included,"comedy, tragedy, history, tragicomedy, moral, romance, pastoral, masque",0.04695,0.04346,0.02949,0.06169,0.00443,0.0096,0.0,0.0,0.0,0.0,0.0,0.0,0.0,0.0,0.0,0.0,47/151,21/111,9/34,13/29,1/28,2/18,0/15,0/38,tragicomedy,13/29,0.36,,comedy,1.31,masque,<1e-5,2e-05
1,"Death, grief and revenge",included,"comedy, tragedy, history, tragicomedy, moral, romance, pastoral, masque",0.01752,0.06728,0.02239,0.07946,0.01632,0.01775,0.03776,0.0,0.0,0.05159,0.01057,0.05494,0.0,0.0,0.0236,0.0,45/151,80/111,17/34,21/29,6/28,8/18,8/15,0/38,tragicomedy,21/29,0.16,,tragedy,1.18,masque,<1e-5,<1e-5
2,"Roman politics: senate, consuls and civil war",included,"comedy, tragedy, history, tragicomedy, moral, romance, pastoral, masque",0.00185,0.06393,0.00619,0.00354,0.0,0.00811,0.0,0.0,0.0,0.0,0.0,0.0,0.0,0.0,0.0,0.0,7/151,27/111,2/34,4/29,0/28,2/18,0/15,0/38,tragedy,27/111,0.12,,romance,7.89,masque,<1e-5,<1e-5
3,"Sickness, physic and doctors",included,"comedy, tragedy, history, tragicomedy, moral, romance, pastoral, masque",0.02454,0.0076,0.00246,0.01943,0.00507,0.0164,0.04408,0.01421,0.0,0.0,0.0,0.0,0.0,0.0,0.0,0.0,43/151,19/111,3/34,7/29,4/28,6/18,6/15,3/38,pastoral,6/15,0.62,YES,comedy,1.8,history,0.00687,0.01041
4,Love-longing and the lover's complaint,included,"comedy, tragedy, history, tragicomedy, moral, romance, pastoral, masque",0.01822,0.00873,0.00073,0.01158,0.00234,0.02244,0.12367,0.02245,0.0,0.0,0.0,0.0,0.0,0.0,0.0976,0.0,46/151,24/111,1/34,7/29,2/28,5/18,14/15,2/38,pastoral,14/15,0.16,,masque,5.51,history,<1e-5,<1e-5
5,"Christian faith, sin and salvation",included,"comedy, tragedy, history, tragicomedy, moral, romance, pastoral, masque",0.00168,0.0034,0.02128,0.00532,0.15549,0.00144,0.0,0.00525,0.0,0.0,0.0,0.0,0.0,0.0,0.0,0.0,8/151,9/111,2/34,3/29,13/28,1/18,0/15,2/38,moral,13/28,0.18,,history,7.31,pastoral,<1e-5,<1e-5
6,"Money, debt and credit",included,"comedy, tragedy, history, tragicomedy, moral, romance, pastoral, masque",0.0181,0.00387,0.01099,0.00679,0.02111,0.0032,0.0,0.00156,0.0,0.0,0.0,0.0,0.0,0.0,0.0,0.0,46/151,9/111,5/34,4/29,7/28,3/18,0/15,1/38,moral,7/28,0.26,,comedy,1.17,pastoral,1e-05,3e-05
7,The Trojan war: conflict and its aftermath,included,"comedy, tragedy, history, tragicomedy, moral, romance, pastoral, masque",0.00235,0.02648,0.00405,0.00072,0.00159,0.00402,0.00906,0.00632,0.0,0.0,0.0,0.0,0.0,0.0,0.0,0.0,6/151,14/111,2/34,1/29,2/28,3/18,3/15,1/38,tragedy,14/111,0.33,,pastoral,2.92,tragicomedy,0.03851,0.04747
8,"Captains, gallants and cheats",included,"comedy, tragedy, history, tragicomedy, moral, romance, pastoral, masque",0.01723,0.00196,0.00178,0.00211,0.0,0.01047,0.0,0.00312,0.0,0.0,0.0,0.0,0.0,0.0,0.0,0.0,27/151,6/111,3/34,2/29,0/28,4/18,0/15,2/38,comedy,27/151,0.11,,romance,1.65,pastoral,0.0022,0.00353
9,"Theatre talk: prologues, poets and players",included,"comedy, tragedy, history, tragicomedy, moral, romance, pastoral, masque",0.0129,0.00323,0.0,0.00943,0.01112,0.00266,0.00557,0.00445,0.0,0.0,0.0,0.0,0.0,0.0,0.0,0.0,42/151,11/111,0/34,10/29,4/28,3/18,3/15,1/38,comedy,42/151,0.08,,moral,1.16,history,2e-05,5e-05
10,"England and France: war, embassy and peace",included,"comedy, tragedy, history, tragicomedy, moral, romance, pastoral, masque",0.00017,0.00697,0.06511,0.0,0.0,0.01141,0.0,0.0,0.0,0.0,0.0,0.0,0.0,0.0,0.0,0.0,1/151,8/111,12/34,0/29,0/28,3/18,0/15,0/38,history,12/34,0.2,,romance,5.71,masque,<1e-5,<1e-5
11,"Siblings, kin and confidants",included,"comedy, tragedy, history, tragicomedy, moral, romance, pastoral, masque",0.01211,0.00758,0.00196,0.01659,0.0,0.00233,0.00655,0.0,0.0,0.0,0.0,0.0,0.0,0.0,0.0,0.0,40/151,17/111,2/34,10/29,0/28,2/18,3/15,0/38,tragicomedy,10/29,0.24,,comedy,1.37,masque,2e-05,5e-05
12,"Olympian gods: Jupiter, Juno, Venus and Mars",included,"comedy, tragedy, history, tragicomedy, moral, romance, pastoral, masque",0.00188,0.00239,0.00087,0.00072,0.01311,0.00346,0.02532,0.18814,0.0,0.0,0.0,0.0,0.0,0.0,0.0,0.0,4/151,6/111,1/34,1/29,2/28,3/18,1/15,15/38,masque,15/38,0.14,,pastoral,7.43,tragicomedy,<1e-5,<1e-5
14,"Royal love, favour and dynastic relationships",included,"comedy, tragedy, history, tragicomedy, moral, romance, pastoral, masque",0.00279,0.00581,0.01264,0.03039,0.0,0.01839,0.00169,0.0,0.0,0.0,0.0,0.0,0.0,0.0,0.0,0.0,12/151,15/111,7/34,10/29,0/28,4/18,1/15,0/38,tragicomedy,10/29,0.32,,romance,1.65,masque,2e-05,5e-05
15,Friars and holy orders in plot,included,"comedy, tragedy, history, tragicomedy, moral, romance, pastoral, masque",0.00695,0.0045,0.01575,0.01031,0.0,0.00535,0.0,0.0,0.0,0.0,0.0,0.0,0.0,0.0,0.0,0.0,9/151,8/111,4/34,1/29,0/28,2/18,0/15,0/38,history,4/34,0.52,YES,tragicomedy,1.53,masque,0.25898,0.27452
16,"Gallantry: ladies, lordships and compliment",included,"comedy, tragedy, history, tragicomedy, moral, romance, pastoral, masque",0.01375,0.00149,0.00191,0.00585,0.00708,0.00154,0.0,0.00379,0.0,0.0,0.0,0.0,0.0,0.0,0.0,0.0,40/151,4/111,2/34,6/29,4/28,1/18,0/15,1/38,comedy,40/151,0.15,,moral,1.94,pastoral,<1e-5,<1e-5
17,"Eastern conquest: Persians, Turks and soldans",included,"comedy, tragedy, history, tragicomedy, moral, romance, pastoral, masque",0.00074,0.024,0.0,0.00125,0.0,0.02268,0.0,0.0,0.0,0.0,0.0,0.0,0.0,0.0,0.0,0.0,3/151,12/111,0/34,1/29,0/28,4/18,0/15,0/38,tragedy,12/111,0.26,,romance,1.06,masque,0.00011,0.00023
18,"Rebels, barons and the king's wars at home",included,"comedy, tragedy, history, tragicomedy, moral, romance, pastoral, masque",0.00026,0.00202,0.072,0.0,0.0,0.00984,0.0,0.0,0.0,0.0,0.0,0.0,0.0,0.0,0.0,0.0,1/151,7/111,14/34,0/29,0/28,2/18,0/15,0/38,history,14/34,0.25,,romance,7.32,masque,<1e-5,<1e-5
20,"Hercules: labours, suffering and virtue",included,"comedy, tragedy, history, tragicomedy, moral, romance, pastoral, masque",0.00185,0.01295,0.0,0.00097,0.00211,0.0,0.00405,0.01127,0.0,0.0,0.0,0.0,0.0,0.0,0.0,0.0,5/151,6/111,0/34,1/29,1/28,0/18,3/15,1/38,tragedy,6/111,0.54,YES,masque,1.15,romance,0.0884,0.09969
21,"Cupid, Venus and the nymphs",included,"comedy, tragedy, history, tragicomedy, moral, romance, pastoral, masque",0.00809,0.00175,0.0,0.00093,0.00148,0.00028,0.094,0.02919,0.0,0.0,0.0,0.0,0.0,0.0,0.01446,0.0,18/151,6/111,0/34,1/29,1/28,1/18,8/15,3/38,pastoral,8/15,0.44,,masque,3.22,history,<1e-5,<1e-5
22,"Shepherds, flocks and Pan",included,"comedy, tragedy, history, tragicomedy, moral, romance, pastoral, masque",0.00456,0.00129,0.0,0.0,0.0,0.02326,0.07706,0.02632,0.0,0.0,0.0,0.0,0.0,0.0,0.0,0.0,10/151,5/111,0/34,0/29,0/28,2/18,7/15,1/38,pastoral,7/15,0.59,YES,masque,2.93,moral,<1e-5,<1e-5
23,"Husbands, wives and jealousy",included,"comedy, tragedy, history, tragicomedy, moral, romance, pastoral, masque",0.00953,0.00495,0.0,0.00426,0.00183,0.00275,0.0,0.0,0.0,0.0,0.0,0.0,0.0,0.0,0.0,0.0,28/151,14/111,0/34,4/29,2/28,2/18,0/15,0/38,comedy,28/151,0.11,,tragedy,1.93,masque,0.00746,0.01069
24,"Apollo, Phoebus and the Muses",included,"comedy, tragedy, history, tragicomedy, moral, romance, pastoral, masque",0.00962,0.00221,0.0,0.0039,0.00266,0.0,0.00937,0.03381,0.0,0.0,0.0,0.0,0.0,0.0,0.0,0.0,12/151,6/111,0/34,1/29,2/28,0/18,3/15,4/38,masque,4/38,0.39,,comedy,3.52,romance,0.16508,0.17855
25,"Kings, power and law: political sententiae",included,"comedy, tragedy, history, tragicomedy, moral, romance, pastoral, masque",0.00037,0.01499,0.00093,0.00247,0.0,0.00114,0.0,0.0,0.0,0.0,0.0,0.0,0.0,0.0,0.0,0.0,2/151,20/111,1/34,1/29,0/28,1/18,0/15,0/38,tragedy,20/111,0.37,,tragicomedy,6.07,masque,<1e-5,<1e-5
26,"Devils, hell and fiends",included,"comedy, tragedy, history, tragicomedy, moral, romance, pastoral, masque",0.00883,0.00314,0.00049,0.00165,0.01114,0.00027,0.0,0.01214,0.0,0.0,0.0,0.0,0.0,0.0,0.0,0.0,22/151,10/111,1/34,2/29,6/28,1/18,0/15,2/38,masque,2/38,0.75,YES,moral,1.09,pastoral,0.06839,0.08055
27,"Uncles, nephews and cousins: kinship and patronage",included,"comedy, tragedy, history, tragicomedy, moral, romance, pastoral, masque",0.01226,0.00156,0.00066,0.0,0.00093,0.0,0.0,0.0,0.0,0.0,0.0,0.0,0.0,0.0,0.0,0.0,37/151,4/111,1/34,0/29,1/28,0/18,0/15,0/38,comedy,37/151,0.11,,tragedy,7.84,masque,<1e-5,<1e-5
28,"Marriage-making: weddings, brides and matches",included,"comedy, tragedy, history, tragicomedy, moral, romance, pastoral, masque",0.01062,0.00197,0.0,0.004,0.00826,0.0,0.00342,0.0,0.0,0.0,0.0,0.0,0.0,0.0,0.0,0.0,33/151,7/111,0/34,4/29,4/28,0/18,1/15,0/38,comedy,33/151,0.11,,moral,1.29,masque,5e-05,0.00012
30,"Constables, justices and the watch",included,"comedy, tragedy, history, tragicomedy, moral, romance, pastoral, masque",0.00858,0.00024,0.0038,0.0008,0.00099,0.00487,0.0,0.00144,0.0,0.0,0.0,0.0,0.0,0.0,0.0,0.0,14/151,1/111,2/34,1/29,1/28,1/18,0/15,1/38,comedy,14/151,0.5,YES,romance,1.76,pastoral,0.12116,0.13378
31,"Popes, cardinals and the crown",included,"comedy, tragedy, history, tragicomedy, moral, romance, pastoral, masque",0.00013,0.00313,0.03331,0.0,0.00555,0.0,0.0,0.0,0.0,0.0,0.0,0.0,0.0,0.0,0.0,0.0,1/151,4/111,7/34,0/29,2/28,0/18,0/15,0/38,history,7/34,0.31,,moral,6.0,masque,<1e-5,<1e-5
32,Rings and jewels as tokens,included,"comedy, tragedy, history, tragicomedy, moral, romance, pastoral, masque",0.00567,0.00118,0.00256,0.00934,0.0,0.00409,0.0,0.0,0.0,0.0,0.0,0.0,0.0,0.0,0.0,0.0,20/151,5/111,3/34,2/29,0/28,1/18,0/15,0/38,tragicomedy,2/29,0.51,YES,comedy,1.65,masque,0.02785,0.0369
33,"Fathers, daughters and marriage negotiations",included,"comedy, tragedy, history, tragicomedy, moral, romance, pastoral, masque",0.00923,0.00092,0.0,0.00089,0.00399,0.00194,0.00345,0.0,0.0,0.0,0.0,0.0,0.0,0.0,0.0,0.0,29/151,4/111,0/34,1/29,3/28,2/18,2/15,0/38,comedy,29/151,0.3,,moral,2.31,masque,9e-05,0.00019
34,"Thebes and royal catastrophe: siege, slaughter and funeral rites",included,"comedy, tragedy, history, tragicomedy, moral, romance, pastoral, masque",0.00054,0.01325,0.0,0.00136,0.0,0.0003,0.0,0.0,0.0,0.0,0.0,0.0,0.0,0.0,0.0,0.0,1/151,12/111,0/34,1/29,0/28,1/18,0/15,0/38,tragedy,12/111,0.32,,tragicomedy,9.73,masque,0.00069,0.00126
35,"Fools, wit and railing",included,"comedy, tragedy, history, tragicomedy, moral, romance, pastoral, masque",0.007,0.00178,0.0,0.0,0.00477,0.00151,0.0016,0.0036,0.0,0.0,0.0,0.0,0.0,0.0,0.0,0.0,29/151,5/111,0/34,0/29,3/28,2/18,1/15,1/38,comedy,29/151,0.16,,moral,1.47,tragicomedy,0.00022,0.00045
36,"Hell, Furies and the language of punishment",included,"comedy, tragedy, history, tragicomedy, moral, romance, pastoral, masque",0.00015,0.01295,0.00065,0.00155,0.00149,0.00261,0.00262,0.0,0.0,0.0,0.0,0.0,0.0,0.0,0.0,0.0,1/151,21/111,1/34,2/29,1/28,1/18,1/15,0/38,tragedy,21/111,0.19,,pastoral,4.94,masque,<1e-5,<1e-5
37,"Riches, poverty and covetousness",included,"comedy, tragedy, history, tragicomedy, moral, romance, pastoral, masque",0.00108,0.00076,0.0,0.00134,0.0646,0.00199,0.00089,0.0,0.0,0.0,0.0,0.0,0.0,0.0,0.0,0.0,5/151,4/111,0/34,1/29,9/28,2/18,1/15,0/38,moral,9/28,0.41,,romance,32.42,masque,<1e-5,<1e-5
38,"Death, parting and grief at court",included,"comedy, tragedy, history, tragicomedy, moral, romance, pastoral, masque",0.00019,0.00481,0.01542,0.00282,0.0,0.00553,0.0,0.0,0.0,0.0,0.0,0.0,0.0,0.0,0.0,0.0,1/151,14/111,12/34,2/29,0/28,3/18,0/15,0/38,history,12/34,0.14,,romance,2.79,masque,<1e-5,<1e-5
39,"Profit, conscience and dishonest dealing",included,"comedy, tragedy, history, tragicomedy, moral, romance, pastoral, masque",0.00074,0.00137,0.0012,0.0,0.04086,0.0,0.0,0.00293,0.0,0.0,0.0,0.0,0.0,0.0,0.0,0.0,3/151,2/111,1/34,0/29,5/28,0/18,0/15,2/38,moral,5/28,0.48,,masque,13.95,pastoral,0.00087,0.00154
40,"Sin, guilt and violent loss within families",included,"comedy, tragedy, history, tragicomedy, moral, romance, pastoral, masque",0.00241,0.00705,0.00209,0.00489,0.00123,0.0,0.0,0.00442,0.0,0.0,0.0,0.0,0.0,0.0,0.0,0.0,10/151,18/111,3/34,2/29,1/28,0/18,0/15,1/38,tragedy,18/111,0.12,,tragicomedy,1.44,pastoral,0.03195,0.04032
43,York and Lancaster: dynastic claims and conflict,included,"comedy, tragedy, history, tragicomedy, moral, romance, pastoral, masque",0.0,0.0,0.0307,0.0,0.0,0.0,0.0,0.0,0.0,0.0,0.0,0.0,0.0,0.0,0.0,0.0,0/151,0/111,12/34,0/29,0/28,0/18,0/15,0/38,history,12/34,0.19,,comedy,,masque,<1e-5,<1e-5
44,"Drinking: wine, ale and taverns",included,"comedy, tragedy, history, tragicomedy, moral, romance, pastoral, masque",0.00607,0.00111,0.00065,0.002,0.00481,0.0051,0.0,0.00419,0.0,0.0,0.0,0.0,0.0,0.0,0.0,0.0,23/151,5/111,1/34,2/29,3/28,2/18,0/15,1/38,comedy,23/151,0.15,,romance,1.19,pastoral,0.02949,0.03813
45,"Widows, wooing and remarriage",included,"comedy, tragedy, history, tragicomedy, moral, romance, pastoral, masque",0.008,0.00074,0.00125,0.0,0.0,0.0,0.0,0.0,0.0,0.0,0.0,0.0,0.0,0.0,0.0,0.0,14/151,3/111,1/34,0/29,0/28,0/18,0/15,0/38,comedy,14/151,0.26,,history,6.41,masque,0.02509,0.03409
46,"Swords, quarrels and valour",included,"comedy, tragedy, history, tragicomedy, moral, romance, pastoral, masque",0.00367,0.00108,0.0,0.00744,0.0016,0.0,0.0,0.0,0.0,0.0,0.0,0.0,0.0,0.0,0.0,0.0,17/151,5/111,0/34,6/29,1/28,0/18,0/15,0/38,tragicomedy,6/29,0.39,,comedy,2.03,masque,0.00196,0.00325
47,"Knaves, thieves and bawds",included,"comedy, tragedy, history, tragicomedy, moral, romance, pastoral, masque",0.00391,0.00103,0.00245,0.00082,0.02686,0.00131,0.0,0.0,0.0,0.0,0.0,0.0,0.0,0.0,0.0,0.0,14/151,5/111,2/34,1/29,7/28,2/18,0/15,0/38,moral,7/28,0.4,,comedy,6.87,masque,0.00258,0.00402
49,"Wooing a mistress: suitors, go-betweens and letters",included,"comedy, tragedy, history, tragicomedy, moral, romance, pastoral, masque",0.00561,0.00096,0.0,0.00254,0.0,0.00075,0.0,0.0,0.0,0.0,0.0,0.0,0.0,0.0,0.0,0.0,23/151,3/111,0/34,3/29,0/28,1/18,0/15,0/38,comedy,23/151,0.11,,tragicomedy,2.21,masque,0.00023,0.00045
50,"Fleets, armies and generals: war by sea and land",included,"comedy, tragedy, history, tragicomedy, moral, romance, pastoral, masque",0.00089,0.00328,0.00254,0.01324,0.0,0.00412,0.0,0.00167,0.0,0.0,0.0,0.0,0.0,0.0,0.0,0.0,3/151,12/111,4/34,6/29,0/28,2/18,0/15,1/38,tragicomedy,6/29,0.51,YES,romance,3.21,pastoral,0.00129,0.00221
51,"Parents and children: blessing, birthright and inheritance",included,"comedy, tragedy, history, tragicomedy, moral, romance, pastoral, masque",0.00247,0.00119,0.00133,0.00256,0.01051,0.00104,0.0,0.0,0.0,0.0,0.0,0.0,0.0,0.0,0.0,0.0,11/151,5/111,1/34,3/29,3/28,1/18,0/15,0/38,moral,3/28,0.53,YES,tragicomedy,4.1,masque,0.3935,0.40893
52,"Prodigals, portions and poor kin",included,"comedy, tragedy, history, tragicomedy, moral, romance, pastoral, masque",0.00418,0.00261,0.00164,0.00171,0.0,0.00079,0.0,0.00529,0.0,0.0,0.0,0.0,0.0,0.0,0.0,0.0,13/151,5/111,2/34,2/29,0/28,1/18,0/15,1/38,masque,1/38,1.0,YES,comedy,1.27,pastoral,0.5369,0.54723
54,"Antony and Cleopatra: love, death and mourning",included,"comedy, tragedy, history, tragicomedy, moral, romance, pastoral, masque",0.00068,0.00916,0.0,0.0,0.0,0.0,0.0,0.0,0.0,0.0,0.0,0.0,0.0,0.0,0.0,0.0,3/151,8/111,0/34,0/29,0/28,0/18,0/15,0/38,tragedy,8/111,0.41,,comedy,13.4,masque,0.05291,0.06373
55,"Fairies, fairy queens and enchanted desire",included,"comedy, tragedy, history, tragicomedy, moral, romance, pastoral, masque",0.00126,0.00018,0.00188,0.0,0.0,0.0,0.01266,0.0,0.0,0.0,0.0,0.0,0.0,0.0,0.0,0.0,3/151,1/111,1/34,0/29,0/28,0/18,1/15,0/38,pastoral,1/15,1.0,YES,history,6.73,masque,0.56253,0.56253
56,"Magic, spells and conjuring",included,"comedy, tragedy, history, tragicomedy, moral, romance, pastoral, masque",0.00157,0.00296,0.00191,0.0,0.0,0.00154,0.00816,0.01698,0.0,0.0,0.0,0.0,0.0,0.0,0.0,0.0,6/151,5/111,1/34,0/29,0/28,2/18,3/15,2/38,masque,2/38,0.78,YES,pastoral,2.08,moral,0.07453,0.08587
59,"Spanish courts: war, honour and courtship",included,"comedy, tragedy, history, tragicomedy, moral, romance, pastoral, masque",0.00036,0.01103,0.0,0.00538,0.0,0.00265,0.0,0.0,0.0,0.0,0.0,0.0,0.0,0.0,0.0,0.0,1/151,8/111,0/34,3/29,0/28,1/18,0/15,0/38,tragedy,8/111,0.64,YES,tragicomedy,2.05,masque,0.01018,0.0142
60,"Imperial Rome: rulers, favour and political exemplars",included,"comedy, tragedy, history, tragicomedy, moral, romance, pastoral, masque",0.0,0.00573,0.0,0.00078,0.0,0.00459,0.0,0.0,0.0,0.0,0.0,0.0,0.0,0.0,0.0,0.0,0/151,10/111,0/34,1/29,0/28,2/18,0/15,0/38,tragedy,10/111,0.22,,romance,1.25,masque,0.00061,0.00115
62,"The courtier as a type: fashion, affectation and foreign manners",included,"comedy, tragedy, history, tragicomedy, moral, romance, pastoral, masque",0.00239,0.00033,0.0,0.00864,0.00152,0.00164,0.0,0.0,0.0,0.0,0.0,0.0,0.0,0.0,0.0,0.0,8/151,2/111,0/34,5/29,1/28,1/18,0/15,0/38,tragicomedy,5/29,0.38,,comedy,3.62,masque,0.00734,0.01069
