chunk_id,hdbscan_label,strength
41_00000,15,0.5768644213676453
41_00001,-1,0.0
41_00002,15,0.6388636231422424
41_00003,8,1.0
41_00004,-1,0.0
41_00005,15,0.5008119344711304
41_00006,15,0.8167051672935486
41_00007,15,0.7663711905479431
41_00008,15,0.784184992313385
41_00009,15,0.8509843945503235
41_00010,15,0.5888597369194031
41_00011,-1,0.0
41_00012,15,0.798665463924408
41_00013,28,0.979744017124176
41_00014,15,0.7773827910423279
41_00015,15,1.0
41_00016,15,0.8734450936317444
41_00017,-1,0.0
41_00018,28,0.6630783677101135
41_00019,0,0.5608292818069458
41_00020,15,0.7209873199462891
41_00021,15,0.6386575698852539
41_00022,15,0.607862651348114
41_00023,15,0.863614559173584
41_00024,15,0.762884795665741
41_00025,15,0.6566659212112427
41_00026,15,0.6703116297721863
41_00027,15,0.7293572425842285
41_00028,15,0.7363893389701843
41_00029,15,0.5081531405448914
51_00000,39,1.0
51_00001,39,1.0
51_00002,23,0.21599812805652618
51_00003,-1,0.0
51_00004,60,0.6906084418296814
51_00005,-1,0.0
51_00006,-1,0.0
51_00007,60,0.5010377764701843
51_00008,-1,0.0
51_00009,-1,0.0
51_00010,26,1.0
51_00011,38,0.9255037307739258
51_00012,23,0.21216988563537598
51_00013,-1,0.0
51_00014,-1,0.0
51_00015,-1,0.0
51_00016,45,0.5389957427978516
51_00017,-1,0.0
51_00018,-1,0.0
51_00019,-1,0.0
51_00020,-1,0.0
51_00021,27,0.8692842125892639
51_00022,39,0.8939771056175232
51_00023,39,0.8397980332374573
60_00000,-1,0.0
60_00001,10,0.6046780347824097
60_00002,10,0.7809086441993713
60_00003,10,0.1484076976776123
60_00004,10,0.9865525364875793
60_00005,-1,0.0
60_00006,23,0.3420740067958832
60_00007,-1,0.0
60_00008,-1,0.0
60_00009,10,0.15970765054225922
60_00010,-1,0.0
60_00011,10,0.49507129192352295
60_00012,-1,0.0
60_00013,10,0.2242518961429596
60_00014,-1,0.0
60_00015,39,1.0
60_00016,39,1.0
60_00017,10,0.30037692189216614
60_00018,10,0.12675254046916962
60_00019,-1,0.0
60_00020,10,0.6730105876922607
60_00021,10,0.6692091822624207
60_00022,10,0.43629324436187744
60_00023,10,1.0
60_00024,10,0.8140844106674194
60_00025,10,1.0
60_00026,-1,0.0
60_00027,10,0.4863573908805847
69_00000,-1,0.0
69_00001,-1,0.0
69_00002,-1,0.0
69_00003,-1,0.0
69_00004,-1,0.0
69_00005,-1,0.0
69_00006,-1,0.0
69_00007,-1,0.0
69_00008,-1,0.0
69_00009,-1,0.0
69_00010,-1,0.0
69_00011,-1,0.0
69_00012,-1,0.0
69_00013,-1,0.0
69_00014,-1,0.0
69_00015,27,1.0
69_00016,27,1.0
69_00017,27,0.8199430108070374
69_00018,26,1.0
69_00019,27,1.0
69_00020,53,1.0
69_00021,-1,0.0
69_00022,-1,0.0
69_00023,58,0.8982363939285278
69_00024,57,0.9594303965568542
69_00025,-1,0.0
69_00026,-1,0.0
69_00027,-1,0.0
69_00028,-1,0.0
77_00000,-1,0.0
77_00001,45,0.47919225692749023
77_00002,-1,0.0
77_00003,-1,0.0
77_00004,-1,0.0
77_00005,23,0.9639209508895874
77_00006,23,0.9014717936515808
77_00007,-1,0.0
77_00008,-1,0.0
77_00009,45,0.8444064855575562
77_00010,-1,0.0
77_00011,23,0.4793044626712799
77_00012,-1,0.0
77_00013,-1,0.0
77_00014,23,0.8539125323295593
77_00015,23,0.40101391077041626
77_00016,23,1.0
77_00017,23,1.0
77_00018,23,0.2090384066104889
77_00019,45,0.5186519026756287
77_00020,23,1.0
77_00021,10,0.324311763048172
77_00022,23,0.3364270031452179
77_00023,-1,0.0
77_00024,-1,0.0
77_00025,27,0.8728833794593811
77_00026,23,0.8904716968536377
77_00027,23,0.3251095712184906
80_00000,-1,0.0
80_00001,-1,0.0
80_00002,-1,0.0
80_00003,-1,0.0
80_00004,-1,0.0
80_00005,-1,0.0
80_00006,-1,0.0
80_00007,-1,0.0
80_00008,17,0.9162502884864807
80_00009,-1,0.0
80_00010,-1,0.0
80_00011,-1,0.0
80_00012,-1,0.0
80_00013,-1,0.0
80_00014,-1,0.0
80_00015,-1,0.0
80_00016,-1,0.0
80_00017,-1,0.0
80_00018,-1,0.0
80_00019,10,0.4225021004676819
80_00020,8,1.0
80_00021,8,1.0
80_00022,-1,0.0
80_00023,10,0.3422692120075226
80_00024,10,0.10877136886119843
80_00025,39,0.8260002732276917
80_00026,-1,0.0
80_00027,27,0.9811263680458069
80_00028,27,0.9485612511634827
80_00029,27,0.7851564288139343
82_00000,-1,0.0
82_00001,-1,0.0
82_00002,-1,0.0
82_00003,-1,0.0
82_00004,-1,0.0
82_00005,-1,0.0
82_00006,43,0.8863968253135681
82_00007,-1,0.0
82_00008,-1,0.0
82_00009,-1,0.0
82_00010,60,1.0
82_00011,34,0.8332961201667786
82_00012,-1,0.0
82_00013,43,1.0
82_00014,-1,0.0
82_00015,-1,0.0
82_00016,-1,0.0
82_00017,33,1.0
82_00018,-1,0.0
82_00019,-1,0.0
82_00020,-1,0.0
82_00021,-1,0.0
82_00022,-1,0.0
104_00000,-1,0.0
104_00001,-1,0.0
104_00002,-1,0.0
104_00003,-1,0.0
104_00004,-1,0.0
104_00005,-1,0.0
104_00006,4,0.27555885910987854
104_00007,-1,0.0
104_00008,-1,0.0
104_00009,13,0.9252241253852844
104_00010,-1,0.0
104_00011,4,1.0
104_00012,-1,0.0
104_00013,-1,0.0
104_00014,-1,0.0
104_00015,4,0.2822813391685486
104_00016,17,0.6508268713951111
104_00017,-1,0.0
104_00018,-1,0.0
104_00019,-1,0.0
104_00020,-1,0.0
104_00021,-1,0.0
104_00022,-1,0.0
104_00023,-1,0.0
104_00024,-1,0.0
104_00025,-1,0.0
104_00026,42,0.7873495221138
104_00027,-1,0.0
104_00028,-1,0.0
104_00029,4,0.7506812810897827
104_00030,-1,0.0
104_00031,-1,0.0
104_00032,-1,0.0
104_00033,-1,0.0
104_00034,-1,0.0
104_00035,-1,0.0
107_00000,-1,0.0
107_00001,38,0.8677394390106201
107_00002,38,1.0
107_00003,-1,0.0
107_00004,-1,0.0
107_00005,38,1.0
107_00006,-1,0.0
107_00007,-1,0.0
107_00008,-1,0.0
107_00009,-1,0.0
107_00010,38,1.0
107_00011,38,1.0
107_00012,-1,0.0
107_00013,-1,0.0
107_00014,-1,0.0
107_00015,38,1.0
107_00016,38,0.9506059288978577
107_00017,38,1.0
107_00018,-1,0.0
107_00019,38,0.9345589876174927
107_00020,-1,0.0
107_00021,38,1.0
107_00022,38,0.9226808547973633
107_00023,38,1.0
107_00024,-1,0.0
107_00025,-1,0.0
107_00026,-1,0.0
107_00027,29,1.0
107_00028,23,0.28137847781181335
107_00029,38,1.0
107_00030,38,0.9375641942024231
107_00031,-1,0.0
107_00032,-1,0.0
107_00033,-1,0.0
107_00034,-1,0.0
107_00035,38,0.9127143025398254
107_00036,-1,0.0
107_00037,-1,0.0
107_00038,-1,0.0
107_00039,-1,0.0
107_00040,-1,0.0
107_00041,-1,0.0
107_00042,45,0.5757631659507751
107_00043,60,0.5036180019378662
107_00044,-1,0.0
107_00045,-1,0.0
107_00046,-1,0.0
107_00047,-1,0.0
107_00048,41,0.7431167960166931
107_00049,-1,0.0
107_00050,44,0.665283203125
107_00051,-1,0.0
107_00052,-1,0.0
107_00053,-1,0.0
107_00054,-1,0.0
107_00055,-1,0.0
107_00056,-1,0.0
107_00057,37,1.0
107_00058,-1,0.0
107_00059,-1,0.0
107_00060,-1,0.0
107_00061,-1,0.0
107_00062,-1,0.0
107_00063,-1,0.0
107_00064,29,1.0
107_00065,-1,0.0
107_00066,29,0.9988608956336975
107_00067,-1,0.0
171_00000,59,1.0
171_00001,-1,0.0
171_00002,-1,0.0
171_00003,-1,0.0
171_00004,57,1.0
171_00005,-1,0.0
171_00006,-1,0.0
171_00007,59,0.8297807574272156
171_00008,57,1.0
171_00009,-1,0.0
171_00010,59,0.5296099781990051
171_00011,59,0.5951708555221558
171_00012,59,0.5041934251785278
171_00013,-1,0.0
171_00014,-1,0.0
171_00015,-1,0.0
171_00016,28,1.0
171_00017,28,0.3278660476207733
171_00018,-1,0.0
171_00019,59,0.7155839204788208
171_00020,0,1.0
171_00021,0,1.0
171_00022,0,0.4947376847267151
171_00023,-1,0.0
171_00024,-1,0.0
171_00025,28,0.41739848256111145
171_00026,-1,0.0
171_00027,-1,0.0
171_00028,27,0.8430837392807007
214_00000,34,0.5992741584777832
214_00001,34,0.6575378775596619
214_00002,34,0.8045597672462463
214_00003,34,0.6069499254226685
214_00004,33,1.0
214_00005,-1,0.0
214_00006,-1,0.0
214_00007,-1,0.0
214_00008,-1,0.0
214_00009,-1,0.0
214_00010,-1,0.0
214_00011,-1,0.0
214_00012,-1,0.0
214_00013,-1,0.0
214_00014,26,0.8461123108863831
214_00015,-1,0.0
214_00016,-1,0.0
214_00017,27,0.8718730807304382
214_00018,26,0.7612599730491638
214_00019,26,0.8428590297698975
214_00020,-1,0.0
214_00021,34,0.5086132287979126
214_00022,-1,0.0
214_00023,-1,0.0
214_00024,34,0.4725329279899597
214_00025,-1,0.0
214_00026,-1,0.0
214_00027,-1,0.0
214_00028,-1,0.0
214_00029,-1,0.0
214_00030,-1,0.0
214_00031,-1,0.0
214_00032,-1,0.0
214_00033,-1,0.0
214_00034,27,0.7932465672492981
214_00035,-1,0.0
214_00036,-1,0.0
214_00037,-1,0.0
214_00038,34,0.6081752181053162
214_00039,-1,0.0
224_00000,59,0.4701523780822754
224_00001,59,0.6469610333442688
224_00002,-1,0.0
224_00003,57,1.0
224_00004,-1,0.0
224_00005,13,0.7540493011474609
224_00006,-1,0.0
224_00007,28,0.5822907090187073
224_00008,-1,0.0
224_00009,-1,0.0
224_00010,56,0.554644763469696
224_00011,-1,0.0
224_00012,-1,0.0
224_00013,57,1.0
224_00014,-1,0.0
224_00015,57,1.0
224_00016,-1,0.0
224_00017,-1,0.0
224_00018,13,0.9905515909194946
224_00019,56,0.5418201088905334
224_00020,-1,0.0
224_00021,57,0.9490857720375061
224_00022,-1,0.0
224_00023,-1,0.0
224_00024,-1,0.0
224_00025,56,0.8957676887512207
224_00026,13,0.8426131010055542
224_00027,13,0.514935314655304
224_00028,-1,0.0
224_00029,-1,0.0
224_00030,27,1.0
224_00031,-1,0.0
224_00032,20,0.5491865277290344
224_00033,-1,0.0
224_00034,-1,0.0
224_00035,57,1.0
224_00036,58,0.8062253594398499
224_00037,58,0.9093136787414551
224_00038,-1,0.0
224_00039,-1,0.0
224_00040,58,0.7234975695610046
224_00041,-1,0.0
224_00042,-1,0.0
224_00043,57,0.9411492943763733
224_00044,-1,0.0
224_00045,-1,0.0
224_00046,-1,0.0
224_00047,-1,0.0
224_00048,-1,0.0
228_00000,-1,0.0
228_00001,-1,0.0
228_00002,-1,0.0
228_00003,-1,0.0
228_00004,-1,0.0
228_00005,51,0.8129846453666687
228_00006,-1,0.0
228_00007,-1,0.0
228_00008,-1,0.0
228_00009,-1,0.0
228_00010,-1,0.0
228_00011,-1,0.0
228_00012,51,0.9792681932449341
228_00013,-1,0.0
228_00014,-1,0.0
228_00015,-1,0.0
228_00016,-1,0.0
228_00017,-1,0.0
228_00018,-1,0.0
228_00019,-1,0.0
228_00020,13,0.579757571220398
228_00021,-1,0.0
228_00022,-1,0.0
228_00023,-1,0.0
228_00024,-1,0.0
230_00000,-1,0.0
230_00001,-1,0.0
230_00002,-1,0.0
230_00003,-1,0.0
230_00004,-1,0.0
230_00005,-1,0.0
230_00006,-1,0.0
230_00007,-1,0.0
230_00008,-1,0.0
230_00009,-1,0.0
230_00010,-1,0.0
230_00011,46,1.0
230_00012,-1,0.0
230_00013,-1,0.0
230_00014,-1,0.0
230_00015,-1,0.0
230_00016,-1,0.0
230_00017,-1,0.0
230_00018,-1,0.0
230_00019,-1,0.0
230_00020,-1,0.0
230_00021,-1,0.0
230_00022,51,1.0
230_00023,51,0.8190397620201111
230_00024,-1,0.0
230_00025,-1,0.0
230_00026,-1,0.0
230_00027,-1,0.0
230_00028,-1,0.0
230_00029,-1,0.0
230_00030,-1,0.0
230_00031,-1,0.0
230_00032,-1,0.0
230_00033,-1,0.0
230_00034,-1,0.0
230_00035,-1,0.0
230_00036,-1,0.0
230_00037,-1,0.0
230_00038,-1,0.0
230_00039,-1,0.0
230_00040,-1,0.0
233_00000,-1,0.0
233_00001,-1,0.0
233_00002,-1,0.0
233_00003,8,1.0
233_00004,4,0.23723427951335907
233_00005,0,1.0
233_00006,-1,0.0
233_00007,-1,0.0
233_00008,-1,0.0
233_00009,0,0.14185824990272522
233_00010,0,0.13587459921836853
233_00011,0,0.13379637897014618
233_00012,0,0.3738367259502411
233_00013,4,0.36966896057128906
233_00014,-1,0.0
233_00015,-1,0.0
233_00016,0,0.06697146594524384
233_00017,8,1.0
233_00018,10,0.48600223660469055
233_00019,10,1.0
233_00020,6,0.4700922966003418
233_00021,-1,0.0
233_00022,0,0.11610651761293411
233_00023,-1,0.0
233_00024,-1,0.0
233_00025,0,1.0
233_00026,-1,0.0
233_00027,0,0.09665210545063019
233_00028,27,0.9617680311203003
233_00029,-1,0.0
233_00030,0,0.12006431072950363
233_00031,22,0.8022409677505493
233_00032,-1,0.0
254_00000,27,0.9062549471855164
254_00001,31,1.0
254_00002,31,1.0
254_00003,-1,0.0
254_00004,-1,0.0
254_00005,-1,0.0
254_00006,31,0.6480062007904053
254_00007,-1,0.0
254_00008,-1,0.0
254_00009,-1,0.0
254_00010,-1,0.0
254_00011,-1,0.0
254_00012,-1,0.0
254_00013,-1,0.0
254_00014,-1,0.0
254_00015,-1,0.0
254_00016,31,1.0
254_00017,31,1.0
254_00018,-1,0.0
254_00019,31,1.0
254_00020,-1,0.0
254_00021,-1,0.0
254_00022,-1,0.0
254_00023,-1,0.0
254_00024,27,1.0
254_00025,27,0.7955005168914795
254_00026,31,1.0
265_00000,-1,0.0
265_00001,57,1.0
265_00002,57,1.0
265_00003,57,1.0
265_00004,-1,0.0
265_00005,-1,0.0
265_00006,-1,0.0
265_00007,-1,0.0
265_00008,13,0.7812652587890625
265_00009,-1,0.0
265_00010,-1,0.0
265_00011,-1,0.0
265_00012,-1,0.0
265_00013,59,0.4504236578941345
265_00014,-1,0.0
265_00015,-1,0.0
265_00016,-1,0.0
265_00017,-1,0.0
265_00018,-1,0.0
265_00019,49,1.0
265_00020,-1,0.0
265_00021,-1,0.0
265_00022,-1,0.0
265_00023,-1,0.0
265_00024,-1,0.0
265_00025,-1,0.0
265_00026,-1,0.0
265_00027,-1,0.0
265_00028,58,1.0
265_00029,-1,0.0
265_00030,59,0.5102422833442688
265_00031,-1,0.0
265_00032,56,1.0
265_00033,39,0.8803153038024902
278_00000,-1,0.0
278_00001,-1,0.0
278_00002,-1,0.0
278_00003,-1,0.0
278_00004,30,0.9697065949440002
278_00005,30,0.9707828164100647
278_00006,30,1.0
278_00007,-1,0.0
278_00008,-1,0.0
278_00009,-1,0.0
278_00010,60,0.50433748960495
278_00011,30,1.0
278_00012,30,0.9990394711494446
278_00013,57,0.9408969879150391
278_00014,-1,0.0
278_00015,-1,0.0
278_00016,58,0.7304280400276184
278_00017,30,1.0
278_00018,-1,0.0
278_00019,-1,0.0
278_00020,53,1.0
278_00021,-1,0.0
278_00022,-1,0.0
278_00023,-1,0.0
278_00024,-1,0.0
278_00025,-1,0.0
278_00026,-1,0.0
278_00027,-1,0.0
278_00028,-1,0.0
278_00029,56,1.0
278_00030,-1,0.0
278_00031,-1,0.0
278_00032,-1,0.0
278_00033,61,1.0
278_00034,-1,0.0
278_00035,-1,0.0
278_00036,13,0.5362200140953064
278_00037,-1,0.0
278_00038,-1,0.0
278_00039,-1,0.0
278_00040,60,0.4275592565536499
278_00041,-1,0.0
278_00042,-1,0.0
281_00000,-1,0.0
281_00001,-1,0.0
281_00002,-1,0.0
281_00003,22,0.520000159740448
281_00004,-1,0.0
281_00005,-1,0.0
281_00006,-1,0.0
281_00007,13,0.9430100321769714
281_00008,62,0.9252550601959229
281_00009,53,1.0
281_00010,-1,0.0
281_00011,-1,0.0
281_00012,-1,0.0
281_00013,13,1.0
281_00014,13,0.9923501014709473
281_00015,-1,0.0
281_00016,-1,0.0
281_00017,-1,0.0
281_00018,26,0.7108140587806702
281_00019,-1,0.0
281_00020,-1,0.0
281_00021,30,1.0
281_00022,-1,0.0
281_00023,-1,0.0
281_00024,-1,0.0
281_00025,-1,0.0
281_00026,-1,0.0
281_00027,-1,0.0
281_00028,-1,0.0
281_00029,-1,0.0
281_00030,-1,0.0
281_00031,-1,0.0
281_00032,13,0.6717755198478699
281_00033,-1,0.0
281_00034,-1,0.0
281_00035,-1,0.0
281_00036,-1,0.0
281_00037,-1,0.0
281_00038,58,0.7611824870109558
281_00039,30,0.9028769135475159
281_00040,30,1.0
281_00041,27,0.7786774635314941
281_00042,-1,0.0
281_00043,-1,0.0
281_00044,-1,0.0
281_00045,58,0.95428466796875
281_00046,58,0.8868516683578491
281_00047,-1,0.0
281_00048,58,0.8656603097915649
281_00049,27,0.8660191893577576
281_00050,-1,0.0
281_00051,-1,0.0
281_00052,-1,0.0
281_00053,58,0.7205169796943665
291_00000,-1,0.0
291_00001,-1,0.0
291_00002,-1,0.0
291_00003,4,0.24477098882198334
291_00004,-1,0.0
291_00005,12,1.0
291_00006,-1,0.0
291_00007,-1,0.0
291_00008,-1,0.0
291_00009,-1,0.0
291_00010,-1,0.0
291_00011,-1,0.0
291_00012,-1,0.0
291_00013,-1,0.0
291_00014,-1,0.0
291_00015,-1,0.0
291_00016,-1,0.0
291_00017,-1,0.0
291_00018,-1,0.0
291_00019,-1,0.0
291_00020,-1,0.0
291_00021,0,0.7967474460601807
291_00022,0,0.1846928596496582
291_00023,-1,0.0
291_00024,-1,0.0
291_00025,-1,0.0
291_00026,0,0.35128912329673767
291_00027,0,0.8817972540855408
291_00028,-1,0.0
291_00029,27,0.9334327578544617
291_00030,-1,0.0
291_00031,0,1.0
291_00032,27,0.8347065448760986
291_00033,0,0.7788780331611633
291_00034,0,0.3781878352165222
306_00000,-1,0.0
306_00001,30,1.0
306_00002,-1,0.0
306_00003,-1,0.0
306_00004,-1,0.0
306_00005,-1,0.0
306_00006,-1,0.0
306_00007,-1,0.0
306_00008,-1,0.0
306_00009,-1,0.0
306_00010,-1,0.0
306_00011,-1,0.0
306_00012,-1,0.0
306_00013,-1,0.0
306_00014,30,1.0
306_00015,-1,0.0
306_00016,-1,0.0
306_00017,-1,0.0
306_00018,-1,0.0
306_00019,-1,0.0
306_00020,-1,0.0
306_00021,30,1.0
306_00022,30,1.0
306_00023,-1,0.0
306_00024,-1,0.0
306_00025,-1,0.0
306_00026,-1,0.0
306_00027,-1,0.0
306_00028,30,1.0
306_00029,30,1.0
306_00030,30,1.0
306_00031,-1,0.0
306_00032,3,0.8167175650596619
306_00033,-1,0.0
306_00034,-1,0.0
306_00035,30,1.0
306_00036,-1,0.0
306_00037,-1,0.0
306_00038,-1,0.0
306_00039,30,1.0
306_00040,58,1.0
306_00041,-1,0.0
306_00042,30,1.0
306_00043,-1,0.0
306_00044,30,1.0
306_00045,30,1.0
306_00046,27,0.9350218176841736
306_00047,58,0.981102705001831
316_00000,-1,0.0
316_00001,-1,0.0
316_00002,13,0.6745699048042297
316_00003,15,0.4956806004047394
316_00004,-1,0.0
316_00005,-1,0.0
316_00006,-1,0.0
316_00007,-1,0.0
316_00008,-1,0.0
316_00009,-1,0.0
316_00010,-1,0.0
316_00011,41,0.829643189907074
316_00012,-1,0.0
316_00013,-1,0.0
316_00014,-1,0.0
316_00015,-1,0.0
316_00016,-1,0.0
316_00017,-1,0.0
316_00018,-1,0.0
316_00019,-1,0.0
316_00020,-1,0.0
316_00021,41,0.7764493227005005
316_00022,-1,0.0
316_00023,-1,0.0
316_00024,-1,0.0
316_00025,41,0.6317170858383179
316_00026,-1,0.0
316_00027,-1,0.0
316_00028,-1,0.0
316_00029,-1,0.0
316_00030,-1,0.0
316_00031,-1,0.0
316_00032,-1,0.0
316_00033,-1,0.0
316_00034,-1,0.0
316_00035,-1,0.0
316_00036,34,0.5530601739883423
316_00037,34,0.8864672780036926
316_00038,23,1.0
316_00039,-1,0.0
316_00040,-1,0.0
316_00041,-1,0.0
368_00000,-1,0.0
368_00001,11,0.17128218710422516
368_00002,35,1.0
368_00003,11,0.6905900835990906
368_00004,11,0.45990854501724243
368_00005,-1,0.0
368_00006,35,1.0
368_00007,-1,0.0
368_00008,-1,0.0
368_00009,-1,0.0
368_00010,-1,0.0
368_00011,-1,0.0
368_00012,-1,0.0
368_00013,-1,0.0
368_00014,6,0.5865762233734131
368_00015,-1,0.0
368_00016,6,0.45186322927474976
368_00017,6,0.7931943535804749
368_00018,36,0.7568425536155701
368_00019,6,0.5444955825805664
368_00020,-1,0.0
368_00021,36,0.7871934771537781
368_00022,-1,0.0
368_00023,-1,0.0
368_00024,-1,0.0
368_00025,-1,0.0
368_00026,16,0.8529353737831116
368_00027,-1,0.0
368_00028,-1,0.0
368_00029,-1,0.0
368_00030,37,1.0
368_00031,2,1.0
368_00032,-1,0.0
368_00033,35,1.0
368_00034,6,0.42253577709198
368_00035,-1,0.0
368_00036,25,1.0
368_00037,-1,0.0
368_00038,-1,0.0
368_00039,-1,0.0
368_00040,-1,0.0
368_00041,-1,0.0
368_00042,-1,0.0
368_00043,-1,0.0
368_00044,-1,0.0
368_00045,-1,0.0
368_00046,-1,0.0
368_00047,-1,0.0
368_00048,-1,0.0
368_00049,-1,0.0
368_00050,-1,0.0
368_00051,6,0.4994427263736725
368_00052,-1,0.0
368_00053,-1,0.0
368_00054,-1,0.0
368_00055,-1,0.0
368_00056,-1,0.0
368_00057,-1,0.0
368_00058,-1,0.0
368_00059,-1,0.0
368_00060,-1,0.0
368_00061,-1,0.0
368_00062,-1,0.0
368_00063,-1,0.0
368_00064,-1,0.0
368_00065,13,0.5047815442085266
368_00066,-1,0.0
368_00067,6,0.46671798825263977
368_00068,6,0.6423660516738892
368_00069,-1,0.0
368_00070,-1,0.0
368_00071,-1,0.0
368_00072,-1,0.0
368_00073,6,0.9544594883918762
374_00000,-1,0.0
374_00001,-1,0.0
374_00002,59,0.7443931698799133
374_00003,-1,0.0
374_00004,59,0.7899153828620911
374_00005,59,0.4492572844028473
374_00006,-1,0.0
374_00007,59,0.7198339104652405
374_00008,-1,0.0
374_00009,-1,0.0
374_00010,59,0.6744311451911926
374_00011,-1,0.0
374_00012,-1,0.0
374_00013,-1,0.0
374_00014,59,1.0
374_00015,59,0.8707154393196106
374_00016,59,0.6114805340766907
374_00017,-1,0.0
374_00018,-1,0.0
374_00019,-1,0.0
374_00020,-1,0.0
374_00021,59,0.5129554867744446
374_00022,13,1.0
374_00023,-1,0.0
374_00024,59,0.6196674108505249
374_00025,-1,0.0
374_00026,7,1.0
374_00027,59,0.45343974232673645
374_00028,-1,0.0
374_00029,-1,0.0
374_00030,-1,0.0
374_00031,-1,0.0
374_00032,-1,0.0
374_00033,59,1.0
374_00034,-1,0.0
374_00035,-1,0.0
374_00036,-1,0.0
374_00037,59,0.5455136299133301
374_00038,-1,0.0
374_00039,59,0.8266960978507996
374_00040,20,0.5072198510169983
374_00041,20,0.4151785373687744
374_00042,59,0.6236178874969482
374_00043,-1,0.0
374_00044,-1,0.0
374_00045,59,0.8673912286758423
374_00046,-1,0.0
374_00047,-1,0.0
374_00048,-1,0.0
374_00049,-1,0.0
374_00050,59,0.48435673117637634
379_00000,-1,0.0
379_00001,-1,0.0
379_00002,-1,0.0
379_00003,58,0.7954188585281372
379_00004,-1,0.0
379_00005,4,0.33561840653419495
379_00006,-1,0.0
379_00007,-1,0.0
379_00008,-1,0.0
379_00009,-1,0.0
379_00010,-1,0.0
379_00011,-1,0.0
379_00012,-1,0.0
379_00013,-1,0.0
379_00014,6,0.6410762667655945
379_00015,-1,0.0
379_00016,-1,0.0
379_00017,-1,0.0
379_00018,20,0.630577027797699
379_00019,20,0.5821656584739685
379_00020,62,0.9046379327774048
379_00021,-1,0.0
379_00022,-1,0.0
379_00023,57,1.0
379_00024,-1,0.0
379_00025,-1,0.0
379_00026,-1,0.0
379_00027,-1,0.0
379_00028,-1,0.0
379_00029,58,1.0
379_00030,-1,0.0
379_00031,58,0.8113203644752502
379_00032,-1,0.0
379_00033,-1,0.0
379_00034,58,0.7340282201766968
379_00035,29,1.0
379_00036,-1,0.0
379_00037,-1,0.0
379_00038,-1,0.0
379_00039,-1,0.0
379_00040,-1,0.0
379_00041,-1,0.0
379_00042,-1,0.0
379_00043,-1,0.0
379_00044,-1,0.0
379_00045,-1,0.0
379_00046,-1,0.0
379_00047,6,0.5920876264572144
379_00048,-1,0.0
379_00049,6,1.0
379_00050,-1,0.0
382_00000,-1,0.0
382_00001,-1,0.0
382_00002,-1,0.0
382_00003,-1,0.0
382_00004,-1,0.0
382_00005,-1,0.0
382_00006,13,0.4718870222568512
382_00007,-1,0.0
382_00008,-1,0.0
382_00009,-1,0.0
382_00010,-1,0.0
382_00011,-1,0.0
382_00012,-1,0.0
382_00013,41,0.8610520958900452
382_00014,-1,0.0
382_00015,-1,0.0
382_00016,23,1.0
382_00017,-1,0.0
382_00018,46,1.0
382_00019,-1,0.0
382_00020,-1,0.0
382_00021,7,1.0
382_00022,7,0.5088019371032715
382_00023,-1,0.0
382_00024,-1,0.0
382_00025,13,0.5404078364372253
382_00026,0,0.735883355140686
382_00027,-1,0.0
382_00028,-1,0.0
382_00029,-1,0.0
382_00030,0,1.0
382_00031,-1,0.0
382_00032,-1,0.0
382_00033,-1,0.0
382_00034,31,0.6534528732299805
382_00035,-1,0.0
382_00036,-1,0.0
382_00037,27,0.889654815196991
382_00038,41,0.7210754752159119
382_00039,-1,0.0
382_00040,0,0.6956518888473511
382_00041,0,0.7689136266708374
387_00000,-1,0.0
387_00001,-1,0.0
387_00002,-1,0.0
387_00003,-1,0.0
387_00004,-1,0.0
387_00005,-1,0.0
387_00006,-1,0.0
387_00007,12,1.0
387_00008,44,0.6586071848869324
387_00009,-1,0.0
387_00010,41,0.9615239500999451
387_00011,41,0.6579121351242065
387_00012,-1,0.0
387_00013,-1,0.0
387_00014,41,0.6731266975402832
387_00015,-1,0.0
387_00016,27,0.9777324795722961
387_00017,-1,0.0
387_00018,41,0.5686438679695129
387_00019,41,0.8704410791397095
387_00020,41,0.6128950119018555
387_00021,-1,0.0
387_00022,-1,0.0
387_00023,12,0.9785342216491699
387_00024,-1,0.0
387_00025,-1,0.0
387_00026,-1,0.0
387_00027,-1,0.0
387_00028,11,0.3072770833969116
387_00029,-1,0.0
387_00030,-1,0.0
387_00031,-1,0.0
387_00032,-1,0.0
392_00000,-1,0.0
392_00001,-1,0.0
392_00002,-1,0.0
392_00003,-1,0.0
392_00004,-1,0.0
392_00005,-1,0.0
392_00006,9,0.5975914001464844
392_00007,42,0.8434162735939026
392_00008,-1,0.0
392_00009,15,0.6171467304229736
392_00010,-1,0.0
392_00011,-1,0.0
392_00012,-1,0.0
392_00013,50,0.8857827186584473
392_00014,-1,0.0
392_00015,-1,0.0
392_00016,-1,0.0
392_00017,13,0.5445802807807922
392_00018,17,1.0
392_00019,-1,0.0
392_00020,-1,0.0
392_00021,-1,0.0
392_00022,-1,0.0
392_00023,54,0.9729874730110168
392_00024,-1,0.0
392_00025,-1,0.0
392_00026,-1,0.0
392_00027,13,1.0
392_00028,-1,0.0
392_00029,-1,0.0
392_00030,-1,0.0
392_00031,-1,0.0
392_00032,4,0.5063391327857971
392_00033,-1,0.0
392_00034,-1,0.0
392_00035,-1,0.0
392_00036,27,0.7811528444290161
392_00037,3,1.0
392_00038,-1,0.0
392_00039,-1,0.0
392_00040,3,0.9537029266357422
392_00041,3,1.0
392_00042,4,0.2941475808620453
393_00000,-1,0.0
393_00001,-1,0.0
393_00002,-1,0.0
393_00003,-1,0.0
393_00004,-1,0.0
393_00005,-1,0.0
393_00006,42,1.0
393_00007,-1,0.0
393_00008,17,0.6613928079605103
393_00009,-1,0.0
393_00010,-1,0.0
393_00011,-1,0.0
393_00012,-1,0.0
393_00013,-1,0.0
393_00014,-1,0.0
393_00015,-1,0.0
393_00016,13,0.8745092153549194
393_00017,-1,0.0
393_00018,-1,0.0
393_00019,-1,0.0
393_00020,27,0.9470455050468445
393_00021,-1,0.0
393_00022,-1,0.0
393_00023,-1,0.0
393_00024,19,1.0
393_00025,42,0.9944440722465515
393_00026,-1,0.0
393_00027,-1,0.0
393_00028,-1,0.0
393_00029,27,0.7726024985313416
393_00030,27,0.8083417415618896
393_00031,-1,0.0
393_00032,-1,0.0
393_00033,-1,0.0
393_00034,-1,0.0
393_00035,-1,0.0
393_00036,3,1.0
393_00037,-1,0.0
393_00038,-1,0.0
393_00039,3,0.9641600251197815
393_00040,3,1.0
393_00041,4,0.6014705896377563
405_00000,11,1.0
405_00001,-1,0.0
405_00002,-1,0.0
405_00003,-1,0.0
405_00004,-1,0.0
405_00005,-1,0.0
405_00006,-1,0.0
405_00007,-1,0.0
405_00008,20,0.8714326024055481
405_00009,20,0.8362513780593872
405_00010,-1,0.0
405_00011,25,0.891940712928772
405_00012,-1,0.0
405_00013,-1,0.0
405_00014,-1,0.0
405_00015,4,0.4765777587890625
405_00016,25,0.9310408234596252
405_00017,-1,0.0
405_00018,-1,0.0
405_00019,-1,0.0
405_00020,-1,0.0
405_00021,20,0.32935091853141785
405_00022,-1,0.0
405_00023,-1,0.0
405_00024,-1,0.0
405_00025,-1,0.0
405_00026,-1,0.0
405_00027,-1,0.0
405_00028,4,0.24509373307228088
405_00029,-1,0.0
405_00030,-1,0.0
405_00031,-1,0.0
405_00032,-1,0.0
405_00033,-1,0.0
405_00034,-1,0.0
405_00035,-1,0.0
405_00036,-1,0.0
405_00037,-1,0.0
405_00038,20,0.389801949262619
405_00039,-1,0.0
405_00040,-1,0.0
405_00041,20,0.5423275828361511
405_00042,-1,0.0
405_00043,16,0.7267923951148987
405_00044,20,0.468140184879303
405_00045,-1,0.0
405_00046,-1,0.0
405_00047,-1,0.0
405_00048,20,0.3393512964248657
405_00049,-1,0.0
405_00050,-1,0.0
405_00051,-1,0.0
405_00052,-1,0.0
423_00000,-1,0.0
423_00001,11,1.0
423_00002,11,0.2239132672548294
423_00003,11,0.5579478144645691
423_00004,11,0.27189889550209045
423_00005,34,0.774646520614624
423_00006,-1,0.0
423_00007,-1,0.0
423_00008,-1,0.0
423_00009,-1,0.0
423_00010,55,0.9646337628364563
423_00011,-1,0.0
423_00012,-1,0.0
423_00013,-1,0.0
423_00014,-1,0.0
423_00015,-1,0.0
423_00016,4,1.0
423_00017,-1,0.0
423_00018,34,0.48194634914398193
423_00019,-1,0.0
423_00020,20,0.5853434205055237
423_00021,20,0.9259481430053711
423_00022,20,0.8335967063903809
423_00023,-1,0.0
423_00024,20,0.4716402590274811
423_00025,20,0.5036707520484924
423_00026,34,0.5154678821563721
423_00027,34,1.0
423_00028,55,0.8608027696609497
423_00029,-1,0.0
423_00030,20,0.6923176050186157
423_00031,-1,0.0
423_00032,-1,0.0
423_00033,43,0.6177248954772949
423_00034,43,0.8488739728927612
423_00035,43,0.6894036531448364
423_00036,-1,0.0
423_00037,43,0.8312100768089294
423_00038,-1,0.0
423_00039,41,0.9070668816566467
423_00040,34,0.7388648390769958
423_00041,17,0.881980836391449
423_00042,-1,0.0
423_00043,23,0.21619713306427002
423_00044,-1,0.0
423_00045,-1,0.0
423_00046,34,0.8828662633895874
423_00047,34,0.5085530877113342
423_00048,11,0.2401086390018463
423_00049,34,0.5162789225578308
423_00050,34,0.68184894323349
423_00051,4,0.2382049858570099
423_00052,34,0.48770424723625183
423_00053,-1,0.0
423_00054,-1,0.0
423_00055,20,0.5318774580955505
423_00056,11,0.5006616115570068
425_00000,-1,0.0
425_00001,-1,0.0
425_00002,-1,0.0
425_00003,-1,0.0
425_00004,-1,0.0
425_00005,-1,0.0
425_00006,-1,0.0
425_00007,-1,0.0
425_00008,48,1.0
425_00009,4,0.30070218443870544
425_00010,4,0.9138815999031067
425_00011,-1,0.0
425_00012,-1,0.0
425_00013,-1,0.0
425_00014,-1,0.0
425_00015,-1,0.0
425_00016,-1,0.0
425_00017,-1,0.0
425_00018,-1,0.0
425_00019,-1,0.0
425_00020,-1,0.0
425_00021,-1,0.0
425_00022,4,0.34124091267585754
428_00000,-1,0.0
428_00001,-1,0.0
428_00002,-1,0.0
428_00003,-1,0.0
428_00004,-1,0.0
428_00005,-1,0.0
428_00006,-1,0.0
428_00007,-1,0.0
428_00008,-1,0.0
428_00009,6,0.45477035641670227
428_00010,6,1.0
428_00011,-1,0.0
428_00012,-1,0.0
428_00013,-1,0.0
428_00014,-1,0.0
428_00015,-1,0.0
428_00016,48,1.0
428_00017,4,0.26041850447654724
428_00018,4,1.0
428_00019,4,0.2640569508075714
428_00020,-1,0.0
428_00021,52,1.0
428_00022,-1,0.0
428_00023,-1,0.0
428_00024,-1,0.0
428_00025,-1,0.0
428_00026,-1,0.0
428_00027,-1,0.0
428_00028,-1,0.0
428_00029,-1,0.0
428_00030,-1,0.0
428_00031,-1,0.0
428_00032,-1,0.0
428_00033,-1,0.0
428_00034,-1,0.0
428_00035,4,0.306489497423172
428_00036,-1,0.0
428_00037,-1,0.0
428_00038,12,1.0
428_00039,12,1.0
428_00040,-1,0.0
428_00041,-1,0.0
432_00000,-1,0.0
432_00001,-1,0.0
432_00002,-1,0.0
432_00003,42,0.9357743263244629
432_00004,-1,0.0
432_00005,-1,0.0
432_00006,-1,0.0
432_00007,-1,0.0
432_00008,-1,0.0
432_00009,-1,0.0
432_00010,-1,0.0
432_00011,-1,0.0
432_00012,-1,0.0
432_00013,-1,0.0
432_00014,-1,0.0
432_00015,-1,0.0
432_00016,-1,0.0
432_00017,-1,0.0
432_00018,-1,0.0
432_00019,-1,0.0
432_00020,-1,0.0
432_00021,-1,0.0
432_00022,-1,0.0
432_00023,-1,0.0
432_00024,-1,0.0
432_00025,-1,0.0
432_00026,-1,0.0
432_00027,27,0.9162743091583252
448_00000,-1,0.0
448_00001,-1,0.0
448_00002,-1,0.0
448_00003,60,0.5516408681869507
448_00004,32,0.5559139251708984
448_00005,-1,0.0
448_00006,-1,0.0
448_00007,38,0.9371330142021179
448_00008,60,0.44197148084640503
448_00009,-1,0.0
448_00010,-1,0.0
448_00011,27,0.9298365712165833
448_00012,-1,0.0
448_00013,-1,0.0
448_00014,-1,0.0
448_00015,-1,0.0
448_00016,-1,0.0
448_00017,-1,0.0
448_00018,-1,0.0
448_00019,-1,0.0
448_00020,-1,0.0
448_00021,-1,0.0
448_00022,-1,0.0
448_00023,-1,0.0
448_00024,-1,0.0
448_00025,-1,0.0
448_00026,-1,0.0
448_00027,-1,0.0
448_00028,-1,0.0
448_00029,-1,0.0
448_00030,53,0.9332829713821411
448_00031,-1,0.0
448_00032,-1,0.0
448_00033,-1,0.0
448_00034,60,0.4077598452568054
449_00000,-1,0.0
449_00001,-1,0.0
449_00002,-1,0.0
449_00003,-1,0.0
449_00004,-1,0.0
449_00005,-1,0.0
449_00006,-1,0.0
449_00007,27,0.8863445520401001
449_00008,-1,0.0
449_00009,-1,0.0
449_00010,-1,0.0
449_00011,-1,0.0
449_00012,-1,0.0
449_00013,-1,0.0
449_00014,11,0.6185440421104431
449_00015,-1,0.0
449_00016,11,0.37292397022247314
449_00017,-1,0.0
449_00018,11,0.4774267077445984
449_00019,-1,0.0
449_00020,-1,0.0
449_00021,-1,0.0
449_00022,-1,0.0
449_00023,-1,0.0
449_00024,-1,0.0
449_00025,-1,0.0
449_00026,-1,0.0
449_00027,-1,0.0
449_00028,-1,0.0
449_00029,-1,0.0
449_00030,-1,0.0
449_00031,27,0.8774352669715881
460_00000,-1,0.0
460_00001,-1,0.0
463_00000,12,1.0
463_00001,-1,0.0
463_00002,-1,0.0
470_00000,11,0.1792333871126175
470_00001,11,0.9587051868438721
470_00002,-1,0.0
470_00003,13,0.549209713935852
470_00004,-1,0.0
470_00005,13,0.9240885972976685
470_00006,13,0.5089518427848816
470_00007,13,1.0
470_00008,13,0.7685144543647766
470_00009,13,0.9865684509277344
470_00010,13,0.5855482220649719
470_00011,-1,0.0
470_00012,13,1.0
470_00013,4,1.0
470_00014,-1,0.0
470_00015,13,0.9336071610450745
470_00016,-1,0.0
470_00017,13,0.48302358388900757
470_00018,-1,0.0
470_00019,-1,0.0
470_00020,13,0.6773536801338196
470_00021,13,0.803930401802063
470_00022,13,0.7019270062446594
470_00023,13,0.8327918648719788
470_00024,13,0.7306084036827087
470_00025,13,1.0
470_00026,27,1.0
470_00027,-1,0.0
470_00028,13,0.8751513361930847
470_00029,-1,0.0
470_00030,-1,0.0
470_00031,13,1.0
470_00032,-1,0.0
470_00033,13,0.9573130011558533
470_00034,-1,0.0
470_00035,13,0.49414461851119995
470_00036,13,0.6906067728996277
470_00037,13,0.7976686358451843
487_00000,-1,0.0
487_00001,43,1.0
487_00002,17,0.7450515031814575
493_00000,-1,0.0
493_00001,17,0.7540271878242493
493_00002,-1,0.0
493_00003,-1,0.0
493_00004,-1,0.0
493_00005,-1,0.0
493_00006,-1,0.0
493_00007,60,0.4564412832260132
493_00008,-1,0.0
493_00009,-1,0.0
493_00010,-1,0.0
493_00011,60,1.0
493_00012,27,0.816716730594635
493_00013,-1,0.0
493_00014,-1,0.0
493_00015,27,0.8372757434844971
493_00016,-1,0.0
493_00017,-1,0.0
493_00018,-1,0.0
493_00019,-1,0.0
493_00020,-1,0.0
493_00021,39,0.9192736148834229
493_00022,-1,0.0
493_00023,27,0.9482437372207642
493_00024,27,0.8332250714302063
493_00025,27,0.8069049119949341
493_00026,-1,0.0
493_00027,-1,0.0
493_00028,32,0.6689114570617676
493_00029,-1,0.0
493_00030,27,0.7873526811599731
493_00031,-1,0.0
493_00032,-1,0.0
493_00033,-1,0.0
493_00034,-1,0.0
493_00035,-1,0.0
493_00036,32,1.0
493_00037,5,0.24392178654670715
493_00038,32,0.8143736124038696
493_00039,32,0.5316000580787659
493_00040,-1,0.0
493_00041,-1,0.0
493_00042,-1,0.0
493_00043,60,0.44201141595840454
493_00044,-1,0.0
493_00045,-1,0.0
556_00000,11,0.48769915103912354
556_00001,11,0.9752601385116577
556_00002,11,0.34897953271865845
556_00003,-1,0.0
556_00004,13,1.0
556_00005,-1,0.0
556_00006,13,0.7674236297607422
556_00007,13,0.6466572880744934
556_00008,-1,0.0
556_00009,-1,0.0
556_00010,-1,0.0
556_00011,13,0.6135112643241882
556_00012,13,1.0
556_00013,13,0.4713955819606781
556_00014,13,0.8405678868293762
556_00015,-1,0.0
556_00016,13,0.5190420746803284
556_00017,-1,0.0
556_00018,13,1.0
556_00019,-1,0.0
556_00020,13,0.8506130576133728
556_00021,13,0.5361818671226501
556_00022,-1,0.0
556_00023,6,0.6117860674858093
556_00024,-1,0.0
556_00025,-1,0.0
556_00026,-1,0.0
556_00027,5,0.6146780848503113
556_00028,-1,0.0
556_00029,-1,0.0
556_00030,-1,0.0
556_00031,-1,0.0
556_00032,-1,0.0
556_00033,-1,0.0
556_00034,11,0.17154711484909058
556_00035,-1,0.0
556_00036,-1,0.0
556_00037,-1,0.0
556_00038,-1,0.0
556_00039,-1,0.0
556_00040,-1,0.0
556_00041,55,0.9597048759460449
556_00042,-1,0.0
559_00000,-1,0.0
559_00001,43,0.6088818311691284
559_00002,-1,0.0
559_00003,-1,0.0
610_00000,39,0.9833055734634399
610_00001,-1,0.0
610_00002,-1,0.0
610_00003,-1,0.0
610_00004,-1,0.0
610_00005,-1,0.0
610_00006,-1,0.0
610_00007,-1,0.0
610_00008,-1,0.0
610_00009,-1,0.0
610_00010,-1,0.0
610_00011,-1,0.0
610_00012,-1,0.0
610_00013,-1,0.0
610_00014,-1,0.0
610_00015,-1,0.0
610_00016,-1,0.0
610_00017,-1,0.0
610_00018,-1,0.0
610_00019,-1,0.0
610_00020,-1,0.0
610_00021,-1,0.0
610_00022,-1,0.0
610_00023,-1,0.0
610_00024,-1,0.0
610_00025,-1,0.0
610_00026,-1,0.0
610_00027,-1,0.0
610_00028,-1,0.0
610_00029,-1,0.0
610_00030,-1,0.0
610_00031,-1,0.0
610_00032,-1,0.0
610_00033,-1,0.0
610_00034,-1,0.0
610_00035,-1,0.0
610_00036,17,0.6543220281600952
610_00037,-1,0.0
610_00038,-1,0.0
610_00039,-1,0.0
610_00040,60,1.0
610_00041,60,1.0
610_00042,-1,0.0
610_00043,-1,0.0
610_00044,60,0.9344870448112488
610_00045,-1,0.0
610_00046,20,0.46561163663864136
610_00047,-1,0.0
610_00048,-1,0.0
610_00049,-1,0.0
610_00050,-1,0.0
610_00051,-1,0.0
610_00052,-1,0.0
610_00053,60,0.5611528754234314
613_00000,43,0.7157096266746521
613_00001,-1,0.0
613_00002,34,0.5509594082832336
613_00003,43,0.6574533581733704
613_00004,-1,0.0
613_00005,34,1.0
613_00006,34,0.974307119846344
613_00007,34,0.7274826169013977
613_00008,34,0.6080248951911926
613_00009,34,0.6999203562736511
613_00010,-1,0.0
613_00011,34,0.9033799767494202
613_00012,34,0.46460238099098206
613_00013,34,0.8031571507453918
613_00014,-1,0.0
613_00015,-1,0.0
613_00016,34,0.8279563188552856
613_00017,34,0.7478273510932922
613_00018,34,0.8674007654190063
613_00019,-1,0.0
613_00020,34,0.7544145584106445
613_00021,-1,0.0
613_00022,-1,0.0
613_00023,-1,0.0
613_00024,-1,0.0
613_00025,34,0.6351443529129028
613_00026,-1,0.0
613_00027,34,0.8297446966171265
613_00028,34,0.8315573334693909
613_00029,34,0.5916488170623779
613_00030,34,0.6034396290779114
613_00031,-1,0.0
613_00032,-1,0.0
613_00033,-1,0.0
613_00034,34,0.8201141357421875
613_00035,-1,0.0
613_00036,-1,0.0
613_00037,-1,0.0
613_00038,-1,0.0
613_00039,34,0.784110963344574
613_00040,34,0.8307923674583435
613_00041,34,0.6252405047416687
613_00042,34,0.8984285593032837
613_00043,34,0.896925687789917
613_00044,-1,0.0
613_00045,34,1.0
613_00046,34,0.6867787837982178
613_00047,-1,0.0
613_00048,-1,0.0
613_00049,-1,0.0
625_00000,-1,0.0
625_00001,-1,0.0
625_00002,-1,0.0
625_00003,-1,0.0
625_00004,-1,0.0
625_00005,-1,0.0
625_00006,-1,0.0
625_00007,-1,0.0
625_00008,-1,0.0
625_00009,-1,0.0
625_00010,-1,0.0
625_00011,-1,0.0
625_00012,-1,0.0
625_00013,13,0.9048386216163635
625_00014,13,0.9749497771263123
625_00015,-1,0.0
625_00016,-1,0.0
625_00017,-1,0.0
625_00018,-1,0.0
625_00019,13,1.0
625_00020,16,0.671114981174469
625_00021,16,0.8946912288665771
625_00022,-1,0.0
625_00023,-1,0.0
625_00024,-1,0.0
625_00025,-1,0.0
625_00026,-1,0.0
625_00027,-1,0.0
625_00028,-1,0.0
625_00029,-1,0.0
625_00030,-1,0.0
625_00031,-1,0.0
625_00032,-1,0.0
625_00033,-1,0.0
625_00034,-1,0.0
625_00035,27,0.7948341965675354
625_00036,-1,0.0
625_00037,17,0.7030575275421143
625_00038,13,0.5191679000854492
625_00039,-1,0.0
625_00040,-1,0.0
625_00041,-1,0.0
625_00042,56,0.7802600264549255
625_00043,56,1.0
625_00044,-1,0.0
625_00045,27,0.8003154397010803
632_00000,-1,0.0
632_00001,43,0.8102021813392639
635_00000,43,0.7122817635536194
635_00001,43,0.6399505734443665
635_00002,-1,0.0
657_00000,23,0.49742457270622253
657_00001,-1,0.0
657_00002,23,0.5108960866928101
657_00003,-1,0.0
657_00004,23,0.8491722941398621
657_00005,-1,0.0
657_00006,-1,0.0
657_00007,-1,0.0
657_00008,-1,0.0
657_00009,23,0.499072402715683
657_00010,23,0.6207945346832275
657_00011,-1,0.0
657_00012,-1,0.0
657_00013,-1,0.0
657_00014,23,0.4791267216205597
657_00015,-1,0.0
657_00016,23,0.3947181701660156
657_00017,35,0.9891249537467957
657_00018,35,1.0
657_00019,-1,0.0
657_00020,-1,0.0
657_00021,-1,0.0
657_00022,41,0.7698898911476135
657_00023,-1,0.0
657_00024,-1,0.0
657_00025,-1,0.0
657_00026,23,0.5258549451828003
657_00027,18,0.5331050157546997
657_00028,17,0.9269559979438782
657_00029,-1,0.0
657_00030,23,0.48039549589157104
657_00031,23,0.5193585157394409
657_00032,-1,0.0
657_00033,23,0.3838978707790375
657_00034,23,0.5909684300422668
657_00035,-1,0.0
657_00036,-1,0.0
657_00037,23,0.6071032881736755
657_00038,23,0.6749991774559021
657_00039,23,0.6709067821502686
657_00040,23,0.5943043828010559
657_00041,23,0.5231842398643494
657_00042,-1,0.0
657_00043,-1,0.0
657_00044,41,0.5990806221961975
657_00045,23,0.4447143077850342
657_00046,23,0.46253153681755066
657_00047,23,0.37904083728790283
657_00048,23,0.5798729062080383
657_00049,23,0.6579939723014832
691_00000,39,0.9817141890525818
691_00001,34,0.8961459398269653
691_00002,34,0.5891777276992798
691_00003,34,0.9374253749847412
691_00004,34,0.6529000401496887
691_00005,55,0.8854871392250061
691_00006,-1,0.0
691_00007,-1,0.0
691_00008,34,1.0
691_00009,34,1.0
691_00010,34,0.9550075531005859
691_00011,34,1.0
691_00012,-1,0.0
691_00013,34,1.0
691_00014,34,0.9467930197715759
691_00015,34,0.907026469707489
691_00016,34,1.0
691_00017,34,1.0
691_00018,34,1.0
691_00019,34,1.0
691_00020,34,1.0
691_00021,34,1.0
691_00022,34,1.0
691_00023,34,1.0
691_00024,34,1.0
691_00025,34,1.0
691_00026,34,1.0
691_00027,34,1.0
691_00028,34,1.0
691_00029,34,1.0
691_00030,34,1.0
691_00031,34,1.0
691_00032,34,1.0
691_00033,34,1.0
691_00034,34,1.0
691_00035,34,1.0
691_00036,34,0.7496050596237183
702_00000,11,0.17881250381469727
702_00001,-1,0.0
702_00002,-1,0.0
702_00003,4,0.6821080446243286
702_00004,4,1.0
702_00005,4,0.32443785667419434
702_00006,4,0.26800063252449036
702_00007,4,0.2731072008609772
702_00008,4,0.7923625707626343
702_00009,-1,0.0
702_00010,-1,0.0
702_00011,-1,0.0
702_00012,-1,0.0
702_00013,-1,0.0
702_00014,-1,0.0
702_00015,-1,0.0
702_00016,4,0.8474183082580566
702_00017,-1,0.0
702_00018,-1,0.0
702_00019,-1,0.0
702_00020,4,0.26713836193084717
702_00021,4,0.9251992106437683
702_00022,4,0.23598915338516235
702_00023,-1,0.0
702_00024,-1,0.0
702_00025,-1,0.0
702_00026,-1,0.0
702_00027,-1,0.0
702_00028,-1,0.0
702_00029,-1,0.0
702_00030,4,1.0
702_00031,4,0.42191046476364136
702_00032,-1,0.0
702_00033,-1,0.0
702_00034,-1,0.0
702_00035,-1,0.0
702_00036,36,0.8983126282691956
702_00037,-1,0.0
702_00038,-1,0.0
702_00039,30,1.0
705_00000,11,0.5736256837844849
705_00001,-1,0.0
705_00002,36,0.9861378073692322
705_00003,-1,0.0
705_00004,-1,0.0
705_00005,-1,0.0
705_00006,-1,0.0
705_00007,-1,0.0
705_00008,-1,0.0
705_00009,-1,0.0
705_00010,-1,0.0
705_00011,11,0.20540961623191833
705_00012,36,1.0
705_00013,2,1.0
705_00014,-1,0.0
705_00015,55,0.9670177102088928
705_00016,6,1.0
705_00017,-1,0.0
705_00018,-1,0.0
705_00019,-1,0.0
705_00020,2,0.9196834564208984
705_00021,-1,0.0
705_00022,-1,0.0
705_00023,46,1.0
705_00024,-1,0.0
705_00025,-1,0.0
705_00026,-1,0.0
705_00027,-1,0.0
705_00028,-1,0.0
705_00029,20,0.7807525992393494
705_00030,46,1.0
705_00031,4,0.5561190247535706
705_00032,-1,0.0
705_00033,36,0.8373793959617615
705_00034,2,1.0
705_00035,25,1.0
705_00036,-1,0.0
705_00037,2,1.0
705_00038,25,0.9794416427612305
705_00039,-1,0.0
705_00040,-1,0.0
705_00041,-1,0.0
705_00042,2,0.986492931842804
705_00043,55,0.8548325896263123
705_00044,4,0.24453644454479218
705_00045,-1,0.0
705_00046,-1,0.0
705_00047,-1,0.0
705_00048,-1,0.0
705_00049,-1,0.0
705_00050,4,1.0
705_00051,4,0.2806629538536072
739_00000,-1,0.0
739_00001,-1,0.0
739_00002,-1,0.0
790_00000,-1,0.0
790_00001,44,0.7052643299102783
838_00000,-1,0.0
838_00001,-1,0.0
838_00002,-1,0.0
838_00003,13,0.5910876393318176
838_00004,-1,0.0
838_00005,-1,0.0
838_00006,-1,0.0
838_00007,-1,0.0
838_00008,-1,0.0
838_00009,41,0.6247959733009338
838_00010,19,0.9608262181282043
838_00011,-1,0.0
838_00012,-1,0.0
838_00013,-1,0.0
838_00014,-1,0.0
838_00015,-1,0.0
838_00016,-1,0.0
838_00017,-1,0.0
838_00018,-1,0.0
838_00019,-1,0.0
838_00020,-1,0.0
838_00021,-1,0.0
838_00022,-1,0.0
838_00023,-1,0.0
838_00024,-1,0.0
838_00025,48,0.9046469330787659
838_00026,-1,0.0
838_00027,-1,0.0
838_00028,-1,0.0
838_00029,-1,0.0
838_00030,27,0.7905759811401367
838_00031,-1,0.0
838_00032,-1,0.0
838_00033,-1,0.0
838_00034,4,0.3284378945827484
838_00035,-1,0.0
838_00036,13,0.7570783495903015
838_00037,-1,0.0
838_00038,-1,0.0
838_00039,-1,0.0
838_00040,-1,0.0
838_00041,-1,0.0
838_00042,27,1.0
838_00043,-1,0.0
838_00044,27,0.7745019197463989
838_00045,-1,0.0
838_00046,27,1.0
838_00047,-1,0.0
838_00048,-1,0.0
838_00049,-1,0.0
853_00000,-1,0.0
853_00001,-1,0.0
853_00002,11,0.29392972588539124
853_00003,-1,0.0
853_00004,44,0.8196908831596375
853_00005,44,1.0
895_00000,-1,0.0
895_00001,-1,0.0
895_00002,-1,0.0
895_00003,-1,0.0
895_00004,43,0.6940358877182007
895_00005,-1,0.0
902_00000,-1,0.0
902_00001,-1,0.0
902_00002,-1,0.0
902_00003,-1,0.0
902_00004,43,0.7349842190742493
902_00005,43,0.6158045530319214
912_00000,27,0.9720445871353149
912_00001,-1,0.0
912_00002,-1,0.0
912_00003,59,0.5071197748184204
912_00004,27,0.9799684286117554
912_00005,-1,0.0
912_00006,13,0.8375569581985474
912_00007,-1,0.0
912_00008,59,0.47540172934532166
912_00009,-1,0.0
912_00010,-1,0.0
912_00011,27,1.0
912_00012,-1,0.0
912_00013,-1,0.0
912_00014,-1,0.0
912_00015,-1,0.0
912_00016,-1,0.0
912_00017,-1,0.0
912_00018,-1,0.0
912_00019,27,0.868586540222168
912_00020,-1,0.0
912_00021,59,0.5240691304206848
912_00022,13,0.6769680976867676
912_00023,-1,0.0
912_00024,-1,0.0
912_00025,-1,0.0
912_00026,59,0.49591365456581116
912_00027,-1,0.0
912_00028,-1,0.0
912_00029,-1,0.0
912_00030,59,0.45408299565315247
912_00031,27,0.8732144236564636
912_00032,60,0.5488637685775757
924_00000,-1,0.0
924_00001,-1,0.0
924_00002,-1,0.0
924_00003,-1,0.0
924_00004,-1,0.0
924_00005,-1,0.0
924_00006,-1,0.0
924_00007,-1,0.0
924_00008,-1,0.0
924_00009,-1,0.0
924_00010,-1,0.0
924_00011,-1,0.0
950_00000,-1,0.0
950_00001,-1,0.0
968_00000,44,0.7195928692817688
968_00001,-1,0.0
968_00002,43,0.8664649724960327
1023_00000,43,0.9552901983261108
1023_00001,-1,0.0
1023_00002,43,1.0
1023_00003,43,0.8006957769393921
1023_00004,-1,0.0
1023_00005,-1,0.0
1023_00006,-1,0.0
1023_00007,-1,0.0
1023_00008,17,0.9841565489768982
1023_00009,-1,0.0
1023_00010,17,1.0
1023_00011,-1,0.0
1023_00012,-1,0.0
1023_00013,-1,0.0
1023_00014,-1,0.0
1115_00000,13,0.6424871683120728
1115_00001,-1,0.0
1115_00002,-1,0.0
1115_00003,-1,0.0
1115_00004,-1,0.0
1115_00005,-1,0.0
1115_00006,-1,0.0
1115_00007,-1,0.0
1115_00008,9,0.884742796421051
1115_00009,-1,0.0
1115_00010,-1,0.0
1115_00011,-1,0.0
1115_00012,-1,0.0
1115_00013,13,0.490987628698349
1115_00014,-1,0.0
1115_00015,-1,0.0
1115_00016,-1,0.0
1115_00017,27,0.8896701335906982
1115_00018,-1,0.0
1115_00019,-1,0.0
1115_00020,-1,0.0
1115_00021,-1,0.0
1115_00022,-1,0.0
1115_00023,-1,0.0
1115_00024,-1,0.0
1115_00025,-1,0.0
1115_00026,-1,0.0
1115_00027,-1,0.0
1115_00028,-1,0.0
1115_00029,4,0.7101253271102905
1115_00030,43,0.6784887313842773
1115_00031,13,0.8465856909751892
1115_00032,-1,0.0
1115_00033,20,0.31973010301589966
1115_00034,13,1.0
1115_00035,41,0.8066302537918091
1115_00036,27,1.0
1115_00037,13,0.6154586672782898
1115_00038,-1,0.0
