topic,rank,word,is_name
0,1,duke,0
0,2,lord,0
0,3,duchess,0
0,4,love,0
0,5,court,0
0,6,madam,0
0,7,prince,0
0,8,honour,0
0,9,grace,0
0,10,lady,0
1,1,death,0
1,2,life,0
1,3,dead,0
1,4,die,0
1,5,blood,0
1,6,revenge,0
1,7,soul,0
1,8,father,0
1,9,heart,0
1,10,heaven,0
2,1,rome,0
2,2,caesar,1
2,3,senate,0
2,4,sulla,1
2,5,roman,0
2,6,consul,0
2,7,brutus,1
2,8,romans,0
2,9,men,0
2,10,marius,1
3,1,doctor,0
3,2,master,0
3,3,cure,0
3,4,disease,0
3,5,pray,0
3,6,physic,0
3,7,physician,0
3,8,mr,0
3,9,sick,0
3,10,lady,0
4,1,love,0
4,2,heart,0
4,3,sweet,0
4,4,loves,0
4,5,fair,0
4,6,phillis,1
4,7,eyes,0
4,8,beauty,0
4,9,amyntas,1
4,10,lovers,0
5,1,god,0
5,2,christ,0
5,3,david,1
5,4,sin,0
5,5,holy,0
5,6,israel,0
5,7,lord,0
5,8,mercy,0
5,9,sins,0
5,10,faith,0
6,1,money,0
6,2,master,0
6,3,pound,0
6,4,law,0
6,5,lawyer,0
6,6,chain,0
6,7,gentleman,0
6,8,gold,0
6,9,pay,0
6,10,pray,0
7,1,hector,1
7,2,troy,0
7,3,achilles,0
7,4,greeks,0
7,5,aeneas,1
7,6,priam,0
7,7,ulysses,0
7,8,troilus,1
7,9,trojan,0
7,10,trojans,0
8,1,captain,0
8,2,master,0
8,3,money,0
8,4,gentleman,0
8,5,little,0
8,6,lieutenant,0
8,7,rogue,0
8,8,pray,0
8,9,minos,1
8,10,honest,0
9,1,play,0
9,2,stage,0
9,3,poet,0
9,4,prologue,0
9,5,author,0
9,6,wit,0
9,7,plays,0
9,8,muse,0
9,9,scene,0
9,10,players,0
10,1,france,0
10,2,french,0
10,3,england,0
10,4,king,0
10,5,lord,0
10,6,english,0
10,7,edward,1
10,8,talbot,1
10,9,peace,0
10,10,lords,0
11,1,sister,0
11,2,brother,0
11,3,love,0
11,4,friend,0
11,5,heart,0
11,6,father,0
11,7,mother,0
11,8,woman,0
11,9,lord,0
11,10,hear,0
12,1,iupiter,0
12,2,saturn,0
12,3,iuno,0
12,4,venus,0
12,5,gods,0
12,6,mars,0
12,7,earth,0
12,8,titan,0
12,9,love,0
12,10,fair,0
13,1,knight,0
13,2,raph,1
13,3,lady,0
13,4,knights,0
13,5,george,1
13,6,master,0
13,7,squire,0
13,8,rafe,1
13,9,pray,0
13,10,god,0
14,1,prince,0
14,2,princess,0
14,3,love,0
14,4,king,0
14,5,lord,0
14,6,queen,0
14,7,madam,0
14,8,grace,0
14,9,lady,0
14,10,life,0
15,1,friar,0
15,2,lord,0
15,3,holy,0
15,4,friars,0
15,5,robin,1
15,6,peggy,0
15,7,lacie,1
15,8,angelo,1
15,9,love,0
15,10,nun,0
16,1,lady,0
16,2,madam,0
16,3,gentleman,0
16,4,lordship,0
16,5,ladies,0
16,6,honour,0
16,7,mistress,0
16,8,sweet,0
16,9,court,0
16,10,servant,0
17,1,tamburlaine,1
17,2,persian,0
17,3,cyrus,1
17,4,king,0
17,5,mahomet,0
17,6,arms,0
17,7,mighty,0
17,8,assyrian,0
17,9,thousand,0
17,10,army,0
18,1,king,0
18,2,lord,0
18,3,wallace,1
18,4,earl,0
18,5,edward,1
18,6,england,0
18,7,scotland,0
18,8,rebels,0
18,9,bruce,1
18,10,english,0
19,1,virtue,0
19,2,fortune,0
19,3,virtues,0
19,4,honour,0
19,5,fame,0
19,6,vice,0
19,7,envy,0
19,8,world,0
19,9,pride,0
19,10,great,0
20,1,hercules,0
20,2,hercles,0
20,3,ioue,0
20,4,deianeira,0
20,5,alcides,0
20,6,hand,0
20,7,lo,0
20,8,death,0
20,9,skies,0
20,10,hell,0
21,1,cupid,0
21,2,venus,0
21,3,love,0
21,4,ceres,0
21,5,diana,0
21,6,fair,0
21,7,nymphs,0
21,8,goddess,0
21,9,bow,0
21,10,damon,1
22,1,shepherd,0
22,2,pan,0
22,3,shepherds,0
22,4,love,0
22,5,sheep,0
22,6,flocks,0
22,7,fair,0
22,8,shepherdess,0
22,9,swain,0
22,10,away,0
23,1,wife,0
23,2,husband,0
23,3,cuckold,0
23,4,jealousy,0
23,5,woman,0
23,6,jealous,0
23,7,mistress,0
23,8,love,0
23,9,house,0
23,10,honest,0
24,1,apollo,0
24,2,phoebus,0
24,3,midas,1
24,4,muses,0
24,5,ears,0
24,6,play,0
24,7,hedone,0
24,8,gods,0
24,9,siren,0
24,10,time,0
25,1,feare,0
25,2,kings,0
25,3,power,0
25,4,princes,0
25,5,lawes,0
25,6,loue,0
25,7,state,0
25,8,downe,0
25,9,honor,0
25,10,men,0
26,1,devil,0
26,2,hell,0
26,3,devils,0
26,4,sure,0
26,5,soul,0
26,6,fiend,0
26,7,sr,0
26,8,wife,0
26,9,lord,0
26,10,men,0
27,1,uncle,0
27,2,niece,0
27,3,nephew,0
27,4,gentlemen,0
27,5,faith,0
27,6,cousin,0
27,7,wife,0
27,8,house,0
27,9,gentleman,0
27,10,money,0
28,1,married,0
28,2,marriage,0
28,3,wedding,0
28,4,day,0
28,5,bride,0
28,6,father,0
28,7,wife,0
28,8,luce,1
28,9,love,0
28,10,husband,0
29,1,gloster,0
29,2,faukenbridge,0
29,3,skinke,1
29,4,hermit,0
29,5,richard,1
29,6,prince,0
29,7,iohn,1
29,8,porter,0
29,9,henry,1
29,10,brother,0
30,1,constable,0
30,2,squire,0
30,3,tub,0
30,4,clay,0
30,5,worship,0
30,6,justice,0
30,7,turf,1
30,8,mr,0
30,9,hun,0
30,10,valentine,1
31,1,cardinal,0
31,2,pope,0
31,3,king,0
31,4,lord,0
31,5,majesty,0
31,6,holy,0
31,7,rome,0
31,8,france,0
31,9,church,0
31,10,lords,0
32,1,ring,0
32,2,ti,0
32,3,gave,0
32,4,finger,0
32,5,jewel,0
32,6,lady,0
32,7,lord,0
32,8,love,0
32,9,invisible,0
32,10,away,0
33,1,daughter,0
33,2,marriage,0
33,3,father,0
33,4,love,0
33,5,davus,1
33,6,matter,0
33,7,son,0
33,8,chremes,1
33,9,wife,0
33,10,mother,0
34,1,thebes,0
34,2,antigone,1
34,3,polynices,1
34,4,creon,1
34,5,eteocles,1
34,6,war,0
34,7,theban,0
34,8,gods,0
34,9,dear,0
34,10,country,0
35,1,fool,0
35,2,wit,0
35,3,aristippus,1
35,4,achilles,0
35,5,wise,0
35,6,fools,0
35,7,patroclus,1
35,8,thersites,1
35,9,master,0
35,10,men,0
36,1,hell,0
36,2,earth,0
36,3,gods,0
36,4,death,0
36,5,ghosts,0
36,6,blood,0
36,7,bloody,0
36,8,heaven,0
36,9,night,0
36,10,ghost,0
37,1,wealth,0
37,2,riches,0
37,3,money,0
37,4,god,0
37,5,rich,0
37,6,poverty,0
37,7,men,0
37,8,learning,0
37,9,poor,0
37,10,ic,0
38,1,queen,0
38,2,king,0
38,3,death,0
38,4,dead,0
38,5,heart,0
38,6,life,0
38,7,die,0
38,8,lord,0
38,9,royal,0
38,10,news,0
39,1,conscience,0
39,2,lucre,0
39,3,usury,0
39,4,lucar,1
39,5,fraud,0
39,6,dissimulation,1
39,7,simony,0
39,8,london,0
39,9,lady,0
39,10,nemo,1
40,1,brother,0
40,2,death,0
40,3,life,0
40,4,die,0
40,5,heaven,0
40,6,sin,0
40,7,live,0
40,8,father,0
40,9,blood,0
40,10,soul,0
41,1,master,0
41,2,house,0
41,3,door,0
41,4,iohn,1
41,5,old,0
41,6,mistress,0
41,7,basket,0
41,8,lord,0
41,9,gentleman,0
41,10,ick,0
42,1,harry,0
42,2,percy,1
42,3,lord,0
42,4,king,0
42,5,god,0
42,6,falstalffe,1
42,7,frances,1
42,8,mowbray,1
42,9,life,0
42,10,mortimer,1
43,1,henry,1
43,2,king,0
43,3,richard,1
43,4,warwick,1
43,5,york,1
43,6,edward,1
43,7,father,0
43,8,duke,0
43,9,crown,0
43,10,son,0
44,1,drink,0
44,2,wine,0
44,3,numps,0
44,4,ale,0
44,5,butler,0
44,6,pot,0
44,7,sing,0
44,8,moy,0
44,9,drunk,0
44,10,win,0
45,1,widow,0
45,2,widows,0
45,3,hoord,1
45,4,master,0
45,5,gentlemen,0
45,6,wife,0
45,7,randalls,1
45,8,wit,0
45,9,mistress,0
45,10,married,0
46,1,rapier,0
46,2,sword,0
46,3,fight,0
46,4,gentlemen,0
46,5,gentleman,0
46,6,kicked,0
46,7,kill,0
46,8,dagger,0
46,9,signor,0
46,10,valour,0
47,1,knave,0
47,2,rogue,0
47,3,money,0
47,4,knaves,0
47,5,thief,0
47,6,rogues,0
47,7,pray,0
47,8,whore,0
47,9,nichol,1
47,10,book,0
48,1,lady,0
48,2,love,0
48,3,heart,0
48,4,fair,0
48,5,eyes,0
48,6,la,0
48,7,lord,0
48,8,tears,0
48,9,fie,0
48,10,face,0
49,1,mistress,0
49,2,gentleman,0
49,3,love,0
49,4,lady,0
49,5,woman,0
49,6,pray,0
49,7,gentlewoman,0
49,8,hear,0
49,9,honest,0
49,10,way,0
50,1,sea,0
50,2,honour,0
50,3,general,0
50,4,soldiers,0
50,5,men,0
50,6,ship,0
50,7,fight,0
50,8,soldier,0
50,9,king,0
50,10,vittori,1
51,1,esau,1
51,2,iacob,1
51,3,father,0
51,4,son,0
51,5,isaac,1
51,6,god,0
51,7,love,0
51,8,birthright,0
51,9,parents,0
51,10,thing,0
52,1,brother,0
52,2,father,0
52,3,uncle,0
52,4,cousin,0
52,5,son,0
52,6,poor,0
52,7,bread,0
52,8,old,0
52,9,given,0
52,10,master,0
53,1,crown,0
53,2,king,0
53,3,state,0
53,4,life,0
53,5,lord,0
53,6,lords,0
53,7,live,0
53,8,queen,0
53,9,tullia,1
53,10,prince,0
54,1,antony,0
54,2,caesar,1
54,3,anthony,1
54,4,cleopatra,1
54,5,antonius,1
54,6,love,0
54,7,death,0
54,8,die,0
54,9,heart,0
54,10,breast,0
55,1,fairy,0
55,2,fairies,0
55,3,oberon,0
55,4,mopsus,1
55,5,queen,0
55,6,land,0
55,7,grace,0
55,8,babylon,0
55,9,mab,0
55,10,thestylis,1
56,1,magic,0
56,2,faustus,1
56,3,charms,0
56,4,charm,0
56,5,conjure,0
56,6,spirits,0
56,7,skill,0
56,8,ho,0
56,9,power,0
56,10,spells,0
57,1,ship,0
57,2,sea,0
57,3,master,0
57,4,sail,0
57,5,home,0
57,6,money,0
57,7,pisaro,1
57,8,life,0
57,9,ships,0
57,10,till,0
58,1,jack,0
58,2,john,0
58,3,daw,1
58,4,dauphine,1
58,5,amorous,0
58,6,mistress,0
58,7,trve,0
58,8,ladies,0
58,9,wit,0
58,10,madame,0
59,1,andrea,1
59,2,spain,0
59,3,portugal,0
59,4,tribute,0
59,5,horatio,1
59,6,king,0
59,7,bellimperia,1
59,8,prince,0
59,9,lord,0
59,10,lorenzo,1
60,1,caesar,1
60,2,rome,0
60,3,emperor,0
60,4,empire,0
60,5,honour,0
60,6,lord,0
60,7,lucius,1
60,8,great,0
60,9,palsgrave,1
60,10,kings,0
61,1,gyles,0
61,2,giles,0
61,3,lord,0
61,4,wood,0
61,5,captain,0
61,6,cutt,0
61,7,lady,0
61,8,ladies,0
61,9,emphatical,0
61,10,knights,0
62,1,courtier,0
62,2,shrug,0
62,3,face,0
62,4,court,0
62,5,italian,0
62,6,monsieur,0
62,7,scholar,0
62,8,fashion,0
62,9,french,0
62,10,courtiers,0
