unit_id,title_deep,play_type_deep,kept_long_nodes_outside_sp(>=160 chars),chars,pct_of_unit_chars,div_paths,sample_1,sample_2,decision,basis
A01506,The Entertainment at Norwich (Royal Entry of Queen Elizabeth),Occasional;Nonprofessional,34,57433,67.3,account;account>oration;account>pageant;account>pageant>account;account>pageant>oration;account>pageant>translation;acco,ON Saturday being the. xvj. of August. 1578. and in the twentith yéere of the raigne of our most gratious soue,SI nobis ab Optimo Maximo concederetur optio quid rerum humanarum nunc potissimum vellemus: nihil duceremus an,,
A20069,The Magnificent Entertainment Given to King James (The Royal Entry of King James I into London),Occasional;Nonprofessional,120,54770,73.5,part;part>section;part>section>oration;part>section>speech;part>section>subsection;part>speech,"THe sorrow and amazement, that like an earthquake began to shake the distempered body of this Ilād (by reason","At the length Expectation (who is euer waking) and that so long was great, grew neare the time of her deliuery",,
A01848,The Entertainment of the French Ambassadors (The Fortress of Perfect Beauty) (Tilt of the Foster-Children of Desire),Occasional;Nonprofessional,29,41720,96.4,conclusion;text>part,"TO beginne particularly to wright of these attempts, and briefly to runne ouer ache suerall action, the cause ","The Gallary or place at the end of the Tiltyard adioining to her Maiesties house at Whiteball, whereas her per",,
A18729,The Entertainment in Suffolk and Norfolk (Royal Entry of Queen Elizabeth into Norwich),Occasional;Nonprofessional,16,32021,36.9,entertainment;entertainment>part;entertainment>part>section>subsection;list_of_knights;summary_of_royal_Progress,"TO wright of the receiuing of hir highnesse into Suffolke and Norffolke in euery poynte, as matter may moue me","Nowe to returne to the Shewes and purposed matter penned out by me (to shorten the season, and moue pastime to",,
A02732,Arches of Triumph (The Royal Entry of King James I into London),Occasional;Nonprofessional,44,23124,61.2,section;section>subsection,THese fiue Triumphall Arches were first taken in hand in the beginning of Aprill 1603. presently after his Mai,"THE first egme was erected in Fanchurch-streete, the backe of it so learning on the East ende of the Church, t",,
A04654,"Hymenaei, or the Solemnities of Masque and Barriers at a Marriage (Truth versus Opinion)",Occasional;Nonprofessional,33,18698,44.7,text,"IT is a noble and iust advantage, that the things subjected to Vnderstanding have of those which are objected ","For these Mens palates, let not mee answere, O Muses. It is not my fault, if I fill them out Nectar, and they ",,
A07903,Himatia-Poleos: The Triumphs of Old Drapery,Occasional;Nonprofessional,19,17636,82.0,pageant_play;pageant_play>conclusion;pageant_play>speech,"IN euery well-gouerned Kingdome and Common-wealth, the chiefeſt Citie and Citizens therein, haue euermore held","To approoue the ſociety of Drapers of the firſt, when (as yet) there was none other: it is auouched by William",,
A03233,"Londini Status Pacatus, or London's Peaceable Estate",Occasional;Nonprofessional,16,15443,58.1,text;text>show;text>show>speech,"NOt to insist upon the Antiquity, Nobility, nor the first foundation and scituation of this glorious City, com","But from the City, I come now to the particular Company of the Drapers, one of the prime members thereof; whic",,
A03019,London's Love to Prince Henry (Water Pageant of Corinea and Amphion),Occasional;Nonprofessional,38,15214,95.9,triumph;triumph>part;triumph>part>speech,IT hath euer bin the nature of this honorable & famous Cittie (matchleſſe for her loue and loyaltie in all age,"Whereof no better exemplarie rule can be made, then the late apparant teſtimonie of Londons Loue to Royall Pri",,
A07494,"Civitatis Amor (Water Pageant for Prince Charles: London and Neptune, Hope and Peace)",Occasional;Nonprofessional,18,14415,80.2,text;text>part,"HIS Maieſtie, as well to ſhew the bountie of his affection towards his Royall Sonne, as to ſettle in the heart","THe dayes Triumph ended, to the great Honour of the City, and content of his Highneſſe, who out of the goodneſ",,
A03229,Londini Emporia (London's Markets),Occasional;Nonprofessional,17,14366,61.7,text,"MErcatura, i. Merchandise, the Greekes call Emporia, and Empors a Merchant, the Hebrewes Meker. From hence (it","Eight Offices of Piety are in a Merchant required. 1. Rectitudo conscientiae, Vprightnesse of Conscience, whic",,
B07101,The Triumph of Peace,Occasional;Nonprofessional;University/Inns of Court,36,14239,45.8,masque>masque_proper;masque>narrative_description,"AT Elie and Hatton-Houſes, the Gentlemen and their Aſſiſtants met, and in this manner prepard for the Court. T","After him rode Opinion and Confidence together, Opinion in an old faſhioned Doublet of blacke Velvet, and trun",,
A07518,The Triumphs of Truth,Occasional;Nonprofessional,20,14219,40.7,triumph,"SEarch all Chronicles, Hiſtories, Records, in what language or letter ſoeuer; let the inquiſitiue man waſte th","But to ſpeake truth, which many beſide my ſelfe can affirme vpon knowledge, a care that hath beene ſeldome equ",,
A14871,Monuments of Honor,Occasional;Nonprofessional,18,13956,69.2,text,"I Could in this my Preface (by as great light of Learning as any formerly imployed, in this seruice) can attai","I fashioned for the more amplefying the shew vpon the water two Eminent Spectacles, in maner of a Sea-Triumph.",,
A20090,Troia Nova Triumphans (London Triumphing),Occasional;Nonprofessional,27,13606,48.7,text;text>part;text>part>section,"TRyumphes, are the most choice and daintiest fruit that spring from Peace and Abundance; Loue begets them; and",In a happy houre therefore did your Lordship take vpon you this inseperable burden (of Honor and Cares) becaus,,
A19880,Salmacida Spolia,Occasional;Nonprofessional,22,13525,58.3,body_of_masque;names_of_masquers,"IN the border that encloſed the Sceans and made a frontiſpice to all the worke, in a ſquare Neech on the right","Over theſe and anſwering to the other ſide was a round Altar rayſed high, and on it the bird of Pallas, figure",,
A01514.3,Supposes,Translation;Nonprofessional;University/Inns of Court,17,13178,14.5,play>act>scene,"HEre is no body, come foorth Polyneſta, let vs looke about, to be ſure leaſt any man heare our talke: for I th","O Miſerable couetous wretche, he findeth an excuſe by S. Nicolas faſt, bicauſe I ſhould not dine with him, as ",,
A20053,Britannia's Honor,Occasional;Nonprofessional,33,12343,52.1,text;text>part;text>part>section,"WHat Honor can bee greater to a Kingdome, than to haue a Citty for beauty, able to match with the Fairest in t","London in Forraine Countries is called the Queene of Cities, and the Queene-mother ouer her owne. She is her K",,
A68488,"Chrysanaleia: The Golden Fishing, or Honor of Fishmongers",Occasional;Nonprofessional,16,12231,60.5,text;text>part,"I Finde it faithfully recorded in Authors of reuerend Antiquity, that when Godfrey, Duke of Boloigne (beeing c","After the moſt glorious victory obtained againſt the Pagans, & Ieruſalem regained, they ioined together in as ",,
A03230,"Londini Speculum, or London's Mirror",Occasional;Nonprofessional,20,12207,58.4,text;text>part,"ALL Triumphes have their Titles, and so this, according to the nature thereof, beareth a name: It is called Lo","Her Antiquity she deriveth from Brute, lineally discended from Aeneas, the sonne of Anchises and Venus, and by",,
A07904,Metropolis Coronata: The Triumphs of Ancient Drapery,Occasional;Nonprofessional,11,12146,62.2,text;text>part;text>speech,"HAuing in our laſt yeeres diſcourſe of Himatia Poleos, ſufficiently approued the true antiquitie, and primary ","On Monday, being the 30. of October, 1615. according to auncient and moſt honourable cuſtome, the L. Maior bei",,
A18463,The Royal Entry of King Charles I into Edinburgh (The Entertainment at Edinburgh),Occasional;Nonprofessional,28,12098,32.2,text,"WITHOVT the Gate which is towards the West, where the streete ascendeth to Heroites Hospitall, did an Arch ari","And under that in a different colour M. Edenbourgh: The Rocke was inscribed Montagna de dia mant, after two It",,
A04632.11,The Coronation Triumph (The Royal Entry of King James I into London),Occasional;Nonprofessional,19,11625,50.7,text,"THe Scene presented it selfe in a square and flat vpright, like to the side of a Citie: the top thereof, aboue","Intimating, how by her, all kings doe gouerne, and that she is the foundation and strength of kingdomes, to wh",,
A18423,Two Wise Men and All the Rest Fools,Nonprofessional;Private;University/Inns of Court,24,11615,6.7,act>scene,"HOw much wee that haue beene trauailers differ from other kindes of people? So soone as we arriue, we are atte","Neighbour Hortano, I haue considered of the great coile we had the last Sabouth after evening praier in the ve",,
A18331,The Spanish Bawd (Calisto and Meliboea) (Celestina),Translation;Nonprofessional;Closet/Unacted,22,11389,2.2,text;text>act,"GALISTO, who was of Linage Noble, of Wit Singular, of Disposition Gentle, of Behauiour Sweete, with many grace","CAlisto entering into a garden after his vsuall , met there with Melibea, with whose loue being caught, he beg",,
A07907,The Triumphs of Reunited Britannia,Occasional;Nonprofessional,7,11306,45.9,text;text>part,"BEcauſe our preſent conceit, reacheth vnto the antiquitie of Brytaine, which (in many indes) hath carried as m","Thus continued the name of Samothes the ſpace of 310. yeares, ti'l Neptune put his ſon Albion the Gyant in poſ",,
A04632.14.5,The Masque of Queens,Occasional;Nonprofessional,15,10923,50.6,masque,"IT increasing, now, to the third time of my being vs'd in these seruices to her Maiesties personall presentati","His Maiestie, then, being set, and the whole company in full expectation, the part of the scene which first pr",,
A06453,"Luminalia, or The Festival of Light",Occasional;Nonprofessional,21,10598,54.1,masque,"THe Kings Majeſties Maſque being performed, the Queene commanded Inigo Iones Surveyor of her Majeſties works, ","The invention conſiſting of darkneſſe and light, the night preſents the firſt Antimaſques and ſleepe with his ",,
A13848,Tempe Restored  (Tempe Restauratum),Occasional;Nonprofessional,20,10485,59.8,text>description_of_scene;text>part,"IN the vpper part of the border serving for ornament to the SCENE, was painted a faire compartment of scrowles","A Curtaine being drawne vp, the Lightsome Scene appear'd, shewing a delicious place by nature and art; where i",,
A07906,"Siderothriambos, or Steel and Iron Triumphing",Occasional;Nonprofessional,15,10220,72.8,pageant>narrative,"THis famous and moſt Honorable Citie of London, hauing (for many hundred yeares) had the Royall preheminence, ","The firſt deuiſe, preſenting it ſelfe for his Honors ſeruice, is an imaginary Iſland, tearmed Lemnos, very ing",,
A03242,"Porta Pietatis, or The Port or Harbor of Piety",Occasional;Nonprofessional,9,10149,53.5,text;text>tableau;text>tableau>speech,"LONDON and WESTMINSTER are two Twin-sister-Cities; as joyned by one Street, so watered by one streame: the fir","And although by the space of Tenne yeares last past, there hath not beene any Lord Major free of that Company,",,
A17871,The Masque at Lord Hay's Marriage (Apollo's Knights),Occasional;Nonprofessional,18,10145,41.3,text,"AS in battailes, so in all other actions that are to bee reported, the first, and most necessary part is the d","Their number Nine, the best and amplest of numbers, for as in Musicke seuen notes containe all varietie, the e",,
A03228,"Londini Artium et Scientiarum Scaturigo, or London's Fountain of Arts and Sciences",Occasional;Nonprofessional,11,10118,51.1,text;text>part,"THe Title of the Show is Scaturigo, the Fountaine and Well-ſpring of all the Liberall Arts, and Sciences, or M","Now for all other Sciences, Myſteries, Trades, and Manufactures, (including aſwell Merchants as Mechannicks) W",,
A07895,Chruso-Thriambos: The Triumphs of Gold,Occasional;Nonprofessional,9,10007,42.1,triumph>part,"THE ancient Romaines, who were the firſt Creators of Conſuls and Senators for publike rule and honorable goner","Firſt then, concerning the ſeruices performed on the Water, when he tooke Bardge, with all the other Companies",,
A17029,The Royal Entertainment at Cowdray,Occasional;Nonprofessional,12,9870,69.3,text;text>day;text>day>speech,"THe Queens MAIESTY came with a great traine to the right Honorable the Lorde Montacutes, vpon ſaterdaie being ",THe walles of Thebes were raiſed by Muſicke: by muſick theſe are kept from falling. It was a propheſie ſince t,,
A03234,London's Ius Honorarium (London's Law of Honor),Occasional;Nonprofessional,15,9814,51.8,text,"WHen Rome was erected: at the first establishing of a common weale, Romulus the founder of it, instituted a pr","The name Pror is deriued from Pressondo or Praeeundo, from priority of place, which as a learned Roman Author ",,
B01146,"London's Tempe, or The Field of Happiness",Occasional;Nonprofessional,31,9562,55.1,text;text>part,"WEre it poſſible for a Man, in the Compaſſe of a Day, to behold (as the Sunne does) All the Citties in the Wor","In former Ages, He was not Encompaſt with ſuch Glories, No ſuch Firmaments of Starres were to be ſeene in Chea",,
A07513,The Triumphs of Honor and Industry,Occasional;Nonprofessional,21,9464,73.5,triumph;triumph>part;triumph>part>speeches>version,"IT hath beene twice my fortune in ſhort time to haue imploiment for this Noble Societye, where I haue alwayes ","A Company of Indians, attired according to the true Nature of their Country, ſeeming for the moſt part naked, ",,
A12813,"Tes Irenes Trophaea, or The Triumphs of Peace",Occasional;Nonprofessional,10,9339,59.3,celebratory_pageant>presentation,"THe firſt ſhew, or preſentment, on the water, was a Chariot, aptly contriued of two ſea Monſters Argent, and d","THe ſecond and laſt preſentment on the water, was Pernaſſus mount, whereon the nine Muſes ſate; Clyo the firſt",,
A04599,Britannia Triumphans (Britain Triumphing),Occasional;Nonprofessional,20,9172,32.8,text;text>part;text>song,"PRINCES of sweet and humane Natures have ever both amongst the Ancients and Modernes in the best times, presen","There being now past three yeers of Intermission, that the King and Queenes Majesties have not made Masques wi",,
A06150,The Masque of the Inner Temple and Gray's Inn (Wedding Masque of Olympian Knights),Occasional;Nonprofessional;University/Inns of Court,15,8040,50.2,text;text>part,"IVpiter and Iuno willing to doe honour to the Mariage of the two famous Riuers Thamesis and Rhone, imploy thei","Then Iris for her part in scorne of this high-flying deuise, and in token that the Match shall likewise be ble",,
A04632.14.3,"Hymenaei, or the Solemnities of Masque and Barriers at a Marriage (Truth versus Opinion)",Occasional;Nonprofessional,8,7655,39.7,masque,"IT is a noble and iust aduantage, that the things subiected to vnderstanding haue of those which are obiected ","Yet, that I may not vtterly defraud the Reader of his hope, I am drawne to giue it those briefe touches, which",,
A07516,The Triumphs of Integrity,Occasional;Nonprofessional,7,7322,52.1,solemnity,"OF all Solemnities, by which the Happy inauguration of a Subiect is celebrated, I find none that tranſcends th","And firſt to ſpecifie the loue of his Noble Fraternity after his Lordſhippes returne from Weſtminſter, hauing ",,
A19882,The Triumphs of the Prince d'Amour,Occasional;Nonprofessional;University/Inns of Court,22,7123,51.1,text;text>antimasque,"BEFORE the Scene was diſcovered, the Princes being prepar'd under the ſtate at the upper end of the Hall; the ","At the upper end, oppoſite to the ſtate, was a ſtage of ſix foot high: and there was preſented to ſight a Fron",,
A73300,The Triumphs of Fame and Honor,Occasional;Nonprofessional,8,6704,30.1,triumph>section>byline;triumph>section>part,"T The firſt ſhew that is to be preſented on the water is a veſſell like a Boat or Barge, adorned with the arme","Then the Rowers (conſiſting of foure in number, being two Saylours, two watermen) being ouer-joyed, pike their",,
A13846,Albion's Triumph,Occasional;Nonprofessional,7,6203,38.1,(none);scene>description_of_scene;scene>scene_proper,"THe King and Queenes Maiesty having signified their pleasure to haue a new Maske this New yeare, Master Inigo ","The first thing that presented it selfe to the eye, was the Ornament that went about the Scene: in the middest",,
A21246.1.0,The Royal Entertainment at Rycote,Occasional;Nonprofessional,8,6029,61.9,text>letters_and_speeches,"MY deuty humbly remembred. It is ſaide, the winde is vnconſtant, I am gladde it is, otherwiſe had not I heard ","The Dart deliuered, a skipper comming frō Flaunders, deliuered another letter, with a key of golde, ſet with ",,
A07512,The Triumphs of Health and Prosperity,Occasional;Nonprofessional,6,5921,57.9,text,"IF you ſhould ſearch all Chronicles, Hiſtories, Records, in what Language or Letter ſoeuer; if the Inquiſitiue","And firſt to enter the worthy loue of his honorable Society, for his Lordſhips returne from Weſtminſter, hauin",,
A08009,Summer's Last Will and Testament,Boys Professional;Professional;Adult Professional,3,5710,6.6,text,"NOctem peccatis, & fraudibus obiice nubem. There is no such fine time to play the knaue in, as the night. I am","AT a solemne feast of the Triumuiri in Rome, it was seene and obserued, that the birds ceased to sing, & sate ",,
A07510,The Sun in Aries,Occasional;Nonprofessional,6,5342,39.4,text,"PIſces, being the laſt of the Signes, and the Wayne of the Sunnes Glory; how fitly and deſiredly now the Sunne","And firſt, to begin with the Worthy loue of his Honourable Societie to his Lordſhip, after his Honours returne",,
A03496,"Technogamia, or The Marriages of the Arts",University/Inns of Court;Nonprofessional,10,5037,2.9,play>act>scene,"GEOGRAPHVS, in a white Beauer, with a white and greene Feather, a little Band, a light-colour'd Sattin ſuite, ","PHYSICA with a Cornet on her head, bearing on the front a Woman with two Children ſucking at her breſts, and a",,
A11909.5,Oedipus (Seneca's Fifth Tragedy),Translation;Nonprofessional;Closet/Unacted,2,4947,6.5,tragedy>preface,BEHOLD HERE BEFORE THY Face (good Reader) the moſt lamentable Tragedy of that moſt Infortunate Prince O Edipus,"This obtayned: I hold my ſelfe throughly cōtented: In the meane ſeaſon I ende: wiſhing all men to ſhun Sin, t",,
A08361,Ferrex and Porrex (Gorboduc),University/Inns of Court;Nonprofessional,5,4222,5.2,dumb_show,"¶First the Musicke of Uiolenze began to play, during which came in vpon the sage sixe wilde men clothed in lea",¶First the Musicke of Cornettes began to playe▪ during which came in vpon the stage a King accompanied with a ,,
A04644,Chloridia: Rites to Chloris and Her Nymphs,Nonprofessional;Occasional,13,4216,35.5,part;part>song,"THe King, and Queenes Maiesty, hauing giuen their command for the Inuention of a new argument, with the whole ","The ornament, which went about the Scene, was composed of Foliage, or leaues heightned with gold, and enterwou",,
A08360,Ferrex and Porrex (Gorboduc),University/Inns of Court;Nonprofessional,5,4123,5.0,dumb_show,"¶Firſte the Muſicke of Violenze began to playe, durynge whiche came in vppon the Stage ſixe wilde men clothed ","¶Firſt the Muſicke of Cornettes began to playe, during whiche came in vpon the Stage a kinge accompanied with ",,
A72473.2.1.15,Chloridia: Rites to Chloris and Her Nymphs,Occasional;Nonprofessional,10,3634,34.1,collection_of_masques>masque;collection_of_masques>masque>antimasque,"THe King, and Queens Majeſtie, having given their command for the Invention of a new argument, with the whole ","The ornament, which went about the Scene, was compoſed of Foliage, or leaves heightned with gold, and enter-wo",,
A13611,Andria (The Woman from Andros),Translation;Nonprofessional;Closet/Unacted,16,3553,4.3,act>scene,"Simo diſcourſeth vnto his late Bondman, firſt of the honeſt life of his ſonne: And afterward of his falling in","The father hauing found out that his Sonne is in loue, pretendeth a marriage for him, he threatneth Dauus with",,
A72473.2.1.4,Pleasure Reconciled to Virtue,Occasional;Nonprofessional,2,3164,26.2,collection_of_masques>masque,"WHo had his top ending in the figure of an old man, his head and beard all hoary, and froſt, as if his ſhoulde","DOE you heare my friends? to whom did you ſing all this now? pardon me onely that I aske you, for I doe not lo",,
A09214,Pedantius,Latin;University/Inns of Court;Nonprofessional,5,3123,2.4,drama>act>scene,"HOminem nihili, inertem, indocilē, pessimè moratū Cacodaemones omnes maiores tui lacerent, insulsissime. Quo","Enimverò Crob: magna moliris: scilicet vxorem ducere, parvulam vrbem hanc augere ciuibus vtilissimis liberis t",,
A72473.2.1.14,Love's Triumph Through Callipolis,Occasional;Nonprofessional,7,3061,38.7,collection_of_masques>masque>masque_proper;collection_of_masques>masque>preface,"WHereas all Repreſentations, eſpecially thoſe of this nature in Court, publique Spectacles, either have beene,","Firſt, that a Perſon, boni ominis, of a good Character, as Euphemus, ſent downe from Heaven to Callipolis, whi",,
A04632.14.4,The Masque at Lord Haddington's Marriage (The Hue and Cry after the Fugitive Cupid),Occasional;Nonprofessional,2,3013,23.8,masque,"THe worthy custome of honouring worthy marriages, with these noble solemnities, hath, of late yeeres, aduanc'd","The scene to this Masque, was a high, steepe, red cliffe, aduancing it selfe into the cloudes, figuring the pl",,
A07505,Michaelmas Term,Boys Professional;Professional,2,2915,2.9,play>act,"But Gentlemen, to ſpread my ſelfe open vnto you, in cheaper Termes I ſalute you, for ours haue but ſixpenny fe","But now vnto my preſent buſines, the Daughter yeildes, and Quomodo conſents, onely my miſtris Quomodo, her mot",,
A72473.1.1,Bartholomew Fair,Adult Professional;Professional,1,2803,1.6,play>act>scene,"WEll, in Iuſtice name, and the Kings; and for the common-wealth! defie all the world, Adam Ouerdoo, for a diſg",,,
A11909.3,Thebais (Seneca's Third Tragedy),Translation;Nonprofessional;Closet/Unacted,1,2732,4.2,tragedy,"LAIVS King of Thebes, hadde by his Wyfe and Queene IOCASTA, a Sonne named OEDIPVS: Who being yet in his Mother",,,
A07517,The Triumphs of Love and Antiquity,Occasional;Nonprofessional,4,2636,12.5,triumph;triumph>speech,"IF Forreine Nations haue beene ſtruck with admiration at the Forme, State, and Splendour of ſome yearly Triump","And firſt to beginne early with the Loue of the Citie to his Lordſhip, let mee draw your attentions to his Hon",,
A73704,Coelum Britannicum (The British Heaven),Occasional;Nonprofessional,2,2611,5.6,masque,"THe firſt thing that preſented it ſelfe to the ſight, was a rich Ornament, that encloſed the Scaene; in the up","The Curtaine was watchet and a pale yellow in paines, which flying up on the ſudden, diſcovered the Scaene, re",,
A07503,"The Inner-Temple Masque, or The Masque of Heroes",Occasional;Nonprofessional;University/Inns of Court,7,2576,20.3,text,"Item, I giue to my yongeſt Sonnes Gleeke and Priminiſte, the full conſuming of Nights and Dayes, and Wiues and","For the poſſeſſion of all my Lands, Mannors, Mannor-houſes, I leaue them full and wholly to my eldeſt Sonne, N",,
A15498,Tancred and Gismund (Gismond of Salerne),University/Inns of Court;Nonprofessional,1,2325,3.0,play,"TANCRED king of Naples and Prince of Salerne, gaue his only daughter Gismund (whom he most dearely loued) in m",,,
A13062,Jack Straw,Adult Professional;Professional,1,2305,5.6,act,"MY friends and vnhappie Countrymen, whom the lawes of England, haue worthilie condemned vnto death for your op",,,
A04632.14.1,The Masque of Blackness (The Twelfth Night's Revels),Occasional;Nonprofessional,4,2099,28.5,masque,"THe honor, and splendor of these spectacles was such in the performance, as could those houres haue lasted, th","PLINY, SOLINVS, PTOLOMEY, and of late LEO the African, remember vnto vs a riuer in Aethiopia, famous by the na",,
A04655,Love's Triumph Through Callipolis,Occasional;Nonprofessional,3,2087,29.8,text,"WHereas all Repraesentations, especially those of this nature in court, publique Spectacles, eyther haue bene,","First, that a Person, boni ominis, of a good character, as Euphemus, sent downe from Heauen to Callipolis, whi",,
A01989,The Strange Discovery,Closet/Unacted;Nonprofessional,1,1830,1.6,play>act>scene,"My daughter, the ſunne being authour of our ſtoke, is witneſſe that for no miſ-deed, I have caſt thee forth, a",,,
A04539,"The Devil's Charter, or Pope Alexander the Sixth",Adult Professional;Professional,1,1798,1.4,play>prologue,"At one doore betwixt two other Cardinals, Roderigo in his purple habit close in conference with them, one of w",,,
A11909.10,Hercules Oetaeus (Hercules on Mount Oeta) (Seneca's Tenth Tragedy),Translation;Nonprofessional;Closet/Unacted,1,1744,1.5,tragedy,"HERCVLES hauinge ſubdued the Sonnes of EVRITVS Kynge of OEchalia, (who contrary to theyr promiſe, denied to ge",,,
A11954.18,2 Henry the Fourth,Adult Professional;Professional,3,1717,1.3,play>epilogue,"FIRST, my Feare: then, my Curtſie: last, my Speech. My Feare, is your Displeaſure: My Curtſie, my Dutie: And m",If my Tongue cannot entreate you to acquit me: will you command me to vſe my Legges? And yet that were but lig,,
A07515,The Triumphs of Honor and Virtue,Occasional;Nonprofessional,2,1658,12.0,triumph,"IF forreine Nations haue beene ſtrucke with Admiration at the Forme, State, and Splendor of ſome yeerly Triump","And firſt, to beginne with the worthy loue of his Noble Fraternity, after his Honors returne from Weſtminſter,",,
A02906,The Chief Promises of God unto Man (God's Promises),Interlude;Nonprofessional,7,1652,3.5,play>act,"Oeternal Sapyence, that procedest from the mouthe of hyghest, reachynge fourth with a great power frō the beg","O most orient clerenesse, and lyght shynynge of the sempiternall bryghtnesse. O clere sunne of iustyce and hea",,
A04632.14.2,The Masque of Beauty,Occasional;Nonprofessional,6,1607,16.0,masque,"To which limits, when I had apted my inuention, and being to bring newes of them from the Sea, I induc'd Borea","In a robe of Russet and White mixt, full, and bagg'd; his haire and beard rough, and horride; his wings gray, ",,
A11909.4,Hippolytus (Seneca's Fourth Tragedy),Translation;Nonprofessional;Closet/Unacted,1,1562,1.8,tragedy,"HIPPOLYTVS, the Sonne of THESEVS & ANTIOPA Quene of the Amazons, renouncing al Worldly pleaſures, and carnall ",,,
A07495,The Family of Love,Boys Professional;Professional,2,1458,1.4,play>act>scene,"THe gray ey'd morning Braues me to my face, and calls me ſluggard, tis tyme for Tradeſmen to be in their ſhopp","And ſee in moſt wiſht occaſion Drifat the Marchant preſents himſelfe: Sir, in the beſt of houres met, my thoug",,
A11909.8,Agamemnon (Seneca's Eighth Tragedy),Translation;Nonprofessional;Closet/Unacted,2,1345,1.7,tragedy,"AGAMEMNON, Generall of that Noble Army of the Greekes, which after tenne yeares ſiege wāne Troy, cōmitted th","At length, vnderſtandinge by EVRYBATES, that Troy was wonnë, & that her huſbād AGAMEMNON was comming homeward",,
A04824,The Conspiracy (Pallantus and Eudora),Adult Professional;Professional;Private,2,1140,0.7,act,"While Morpheus thus doth gently lay His powerfull charge upon each part, Making thy spirits even obay The silv","What shall we doe? here we stand like so many trunkes of men, headles, and livelesse, none to obey, nor able t",,
A11909.2,Thyestes (Seneca's Second Tragedy),Translation;Nonprofessional;Closet/Unacted,1,1078,1.6,tragedy,"MEGAERA ONE OF THE Helliſh furies raiſing vp Tantalus frō Hell, incited him to ſet mortall hatred betwene his",,,
A04648,Every Man Out of His Humor,Adult Professional;Professional,1,1021,0.5,play>act>scene,Here's a letter indeed; Reuls? and benevolence? is this a weather to send beneuolence? or is this a season to ,,,
A06184,"The Wounds of Civil War, or Marius and Scilla",Adult Professional;Professional,1,942,0.9,act,"BEing Consull (for the welfare both of father and , wish other thy accomplices) I haue vnder an honest policie",,,
A15676,Every Woman in Her Humor,Boys Professional;Professional,1,936,1.0,play,"GEntles of both ſexes, and all ſortes, I am ſent to bid yee welcome, I am but inſteade of a Prologue: for a ſh",,,
A72254,The Rival Friends,University/Inns of Court;Nonprofessional,1,915,0.6,play>act>scene,"For euer, thou haſt defiled my houſe, my good name, my family. As I even now came from my ſheepe, I found my d",,,
A06625,Sappho and Phao,Boys Professional;Professional,1,882,1.3,epilogue,"THey that treade in a maze, walke oftentimes in one path, & at the last come out where they entred in. Wee fea",,,
A02128,Friar Bacon and Friar Bongay,Adult Professional;Professional,1,846,1.0,play,"THe bloomes of the Almond tree grow in a night, & vaniſh in a morne, the flies Haemerae (faire Peggie) take li",,,
A08262,Nobody and Somebody,Adult Professional;Professional,1,836,1.0,epilogue,"Heer if you wonder why the king Elidurus bestowes nothing on me for all my good seruices in his land, if the m",,,
A01425,"Wine, Beer, and Ale Together by the Ears (Wine, Beer, Ale, and Tobacco Contending for Superiority)",University/Inns of Court;Nonprofessional,3,792,2.4,dialogue,"Who's this? Ale? Oh for the three-men-Song: this Ale is a stout fellow, it shall go hard, but Sugar which make","Pray take no knowledge that I discouered any thing of their Ambition; Sugar shall euer bee found true to Ale, ",,
A20951,Master Arden of Faversham in Kent,Adult Professional;Professional,1,702,0.7,text,"My duetye remembred Mistres Susan, hoping in God you be in good health, as I Michaell was at the making heereo",,,
A07897,"The Death of Robert, Earl of Huntingdon (2 Robin Hood)",Adult Professional;Professional,2,683,0.6,play>scene,"HOlla, holla, hollafollow, follow, followe. Like noyse within. Now benedicite, what fowle absurditie, follie &","Therefore downe weede, bowe doe the deede, to make the Stagge bleede, and if my hand speede, hey for a cry, wt",,
A11992,"Othello, the Moor of Venice",Adult Professional;Professional,1,586,0.5,act,"It is Othell's pleasure; our noble and valiant Generall, that vpon certaine tidings now arriued, importing the",,,
A20867,Jack Drum's Entertainment (Katherine and Pasquil),Boys Professional;Professional,3,539,0.6,act,"Sing gentle Butler bally moy, the But, the Hoggeshead, the Barrel, the Kilderkin, the Firkin, the gallan, the ","Sing gentle Butler bally moy, the Pipe, the But, the Hogeshead, the Barrel, the Kilderkin, the Firkin, the gal",,
A19347,2 The Cid,Nonprofessional;Professional;Closet/Unacted,1,496,0.8,play>act>scene,"IF your brother have ſo little ſence both of his own blond and your beautie, that he had rather pleaſe himſelf",,,
A68683,The Honest Lawyer,Adult Professional;Professional,1,438,0.4,play>act,"It is a man, whoſe wife playes the whore. Zilid, what's that to him? It is all one, as if a proper Gentleman ſ",,,
A03804,The Misfortunes of Arthur (Certain Devices and Shows Presented to Her Majesty),University/Inns of Court;Nonprofessional,1,431,0.4,speeches>speech,"Besides these speaches there was also penned a Chorus for the first act, and an other for the second act, by M",,,
A04656,Neptune's Triumph for the Return of Albion,Occasional;Nonprofessional,2,426,3.4,text,"The Iland is discovered, the Masquers sitting in their severall sieges. The heavens opening, and Apollo, with ","By this time, the Island hath joynd it selfe with the shore: And Proteus, Portunus, and Saron; come forth, and",,
A12136,The Example,Adult Professional;Professional,1,421,0.5,play>act,"Welcome welcome, agen to thy wits. This is a holy day. I'le have no plotts, nor melancholy fitts But merily pa",,,
A11954.24,Henry the Eighth (All Is True),Adult Professional;Professional,1,417,0.3,play>act>scene,"MY Lord, the Horſes your Lordſhip ſent for, with all the care I had, I ſaw well choſen, ridden, and furniſh'd.",,,
A11954.12,All's Well That Ends Well,Adult Professional;Professional,1,402,0.3,play>act,"Ʋpon his many proteſtations to marrie mee when his wife was dead, I bluſh to ſay it, he wonne me. Now is the C",,,
A04632.13.2,"The Royal Entertainment of the Two Kings of Great Britain and Denmark (The Entertainment at Theobalds, 1606) (The Hours)",Occasional;Nonprofessional,1,369,15.7,text>section,"THe Kings being entred the inner Court; aboue, ouer the porch, sate the three Howers, vpon clouds, as at the p",,,
A07024,A Fine Companion,Adult Professional;Professional,1,360,0.3,play>act>scene,"O theſe perverſe girles, that are led with nothing, but fancy fooliſh things, and yet have wit to bee obſtinat",,,
A04645,"Epicene, or The Silent Woman",Boys Professional;Professional,1,350,0.3,play>act>scene,"and indeed, ſo aſhamed of her iniurie to you, that ſhee deſires you to forgiue her, and but grace her Wedding ",,,
A00725,A Woman Is a Weathercock,Boys Professional;Professional,1,345,0.4,play>act>scene,"Faith I know not, Mistris Kate likes me not, shee sayes I speake as if I had a pudding in my mouth, and I auns",,,
A12010,Romeo and Juliet,Adult Professional;Professional,1,344,0.4,text,"SEigneur Martino and his wife and daughters, Countie Anselme and his beauteous sisters, the Ladie widdow of Vt",,,
A04632.13.0,The Royal Entertainment of the Queen and Prince at Althorp (The Satyr),Occasional;Nonprofessional,1,335,3.8,text,"THe inuention was, to haue a Satyre lodged in a little Spinet, by which her Maiestie, and the Prince were to c",,,
A03224.1.2,2 Edward the Fourth,Adult Professional;Professional,1,319,0.3,play>part,"Containing his iourney into France, for obtaining of his right there: The trecherous falshood of the Duke of B",,,
A06343,"Philaster, or Love Lies a-Bleeding",Adult Professional;Professional,1,318,0.3,play>act,"But here comes one, more worthy those large praises, then the large speaker of them; Let mee bee swallowed qui",,,
A07237,The Duke of Milan,Adult Professional;Professional,1,303,0.3,play>act>scene,"May it please your Excellence to vnderstand, that the verie houre I wrot this, I heard a bold defiance deliuer",,,
A00958,"The Bloody Brother (Rollo, Duke of Normandy)",Adult Professional;Professional,1,290,0.3,text>act>scene,"And one by one employ 'em to the block; but when they once grow formidable to their clownes, and coblers, ware",,,
A04604,"Adrasta, or The Woman's Spleen and Love's Conquest",Closet/Unacted;Nonprofessional,1,280,0.2,text>act>scene,"MY Lord the attempt is dangerous and foule, therefore deſiſt not; to enjoy the ſweets our preſent Nuptials wou",,,
A10726,3 Henry the Sixth (The True Tragedy of Richard Duke of York and the Good King Henry the Sixth),Adult Professional;Professional,1,262,0.3,play,"Alarmes to the battell, Yorke flies, then the chambers be diſcharged. Then enter the king▪ Cla & Glo. & the re",,,
A02749,"The Three Laws of Nature, Moses, and Christ, Corrupted by the Sodomites, Pharisees, and Papists",Interlude;Nonprofessional,1,223,0.3,play>act,"OMnipotens sempiterne Deus, qui ad imaginem et similitudinem nostram formasti laicos, da quesumus, vt sicut co",,,
A12152,The School of Compliment (Love Tricks),Adult Professional;Professional,1,222,0.2,play>act>scene,"Master Rufaldo, if you had beene my owne father, as you are but like to be my father in Law, I should haue pro",,,
A12128,The Bird in a Cage (The Beauties),Adult Professional;Professional,1,205,0.2,play>act>scene,"GEntlemen, that you may perceiue I deale plainely with you, I am now inuisible; all but my hand, and here it i",,,
A07978,Tottenham Court,Adult Professional;Professional,1,200,0.2,play>act>scene,"New mischiefe; I am againe delayd. If I forbeare my breakfast but two minutes longer, my guts will shrinke int",,,
A19975,Humor Out of Breath,Boys Professional;Professional,1,200,0.3,play>act,"And if you haue not done now too, let me be as baſe as my fiddle, if I rowze you not: madam for ſhame, what do",,,
A68278.1,1 The Troublesome Reign of King John,Adult Professional;Professional,1,194,0.3,play,"Hubert theſe are to commaund thee, as thou tendrest our quiet in minde and the eſtate of our perſon, that preſ",,,
A13345,The Hog Hath Lost His Pearl,Nonprofessional;Private,1,169,0.2,play>act,"But ſee where ſhee comes, I knewe ſhe had not power enough to ſtay another ſending, for ô lords! what are we? ",,,
A16924,The Northern Lass,Adult Professional;Professional,1,167,0.1,play>act>scene,"They all take hands, and dance round. VVidgine in the midst sings this Song. They all bare the burden, while s",,,
