unit_id,edition_id_effective,title_deep,play_type_deep,tokens,en_function_hits,la_function_hits,en_ratio,flag,decision,basis
A09214,1404,Pedantius,Latin;University/Inns of Court;Nonprofessional,20006,773,4193,0.156,NON-ENGLISH?,,
A04632.13.2,769,"The Royal Entertainment of the Two Kings of Great Britain and Denmark (The Entertainment at Theobalds, 1606) (The Hours)",Occasional;Nonprofessional,388,72,37,0.661,mixed?,,
A11911,59,Hercules Furens (Mad Hercules) (Seneca's First Tragedy),Translation;Nonprofessional;Closet/Unacted,21767,5957,923,0.866,,,
A01506,126,The Entertainment at Norwich (Royal Entry of Queen Elizabeth),Occasional;Nonprofessional,14151,5274,596,0.898,,,
A20069,465,The Magnificent Entertainment Given to King James (The Royal Entry of King James I into London),Occasional;Nonprofessional,12842,5773,192,0.968,,,
A04632.11,460,The Coronation Triumph (The Royal Entry of King James I into London),Occasional;Nonprofessional,4030,1838,57,0.97,,,
A72473.2.1.8,847,The Masque of Augurs,Occasional;Nonprofessional,3159,1697,48,0.972,,,
A03804,150,The Misfortunes of Arthur (Certain Devices and Shows Presented to Her Majesty),University/Inns of Court;Nonprofessional,19800,9076,150,0.984,,,
A04632.14.5,661,The Masque of Queens,Occasional;Nonprofessional,3932,1950,28,0.986,,,
A02800,762,"Englishmen for My Money, or A Woman Will Have Her Will",Adult Professional;Professional,21878,11495,152,0.987,,,
A04054,32,The Interlude of Youth,Interlude;Nonprofessional,5017,2820,38,0.987,,,
A20053,913,Britannia's Honor,Occasional;Nonprofessional,4187,1884,25,0.987,,,
A07513,791,The Triumphs of Honor and Industry,Occasional;Nonprofessional,2308,1090,13,0.988,,,
A04632.14.10.0,785,Mercury Vindicated from the Alchemists at Court,Occasional;Nonprofessional,2923,1480,16,0.989,,,
A07395.2.1,27,1 Nature,Interlude;Nonprofessional,10216,5110,57,0.989,,,
A07395.2.2,28,2 Nature,Interlude;Nonprofessional,8231,4330,49,0.989,,,
A08009,396,Summer's Last Will and Testament,Boys Professional;Professional;Adult Professional,16234,8233,88,0.989,,,
A09613,457,Philotus,Closet/Unacted;Nonprofessional,9143,3643,40,0.989,,,
A10439,11,The Nature of the Four Elements (Natura Naturata),Interlude;Nonprofessional,9624,5041,57,0.989,,,
A02738,40,"The Three Laws of Nature, Moses, and Christ, Corrupted by the Sodomites, Pharisees, and Papists",Interlude;Nonprofessional,14672,6866,71,0.99,,,
A02749,41,"The Three Laws of Nature, Moses, and Christ, Corrupted by the Sodomites, Pharisees, and Papists",Interlude;Nonprofessional,14744,7146,72,0.99,,,
A04052,45,Wealth and Health,Interlude;Nonprofessional,7619,3912,41,0.99,,,
A07493,945,A Chaste Maid in Cheapside,Adult Professional;Professional,17450,9121,93,0.99,,,
A07970,1129,The Bride,Boys Professional;Professional,15507,8313,84,0.99,,,
A09651,85,The Interlude of Vice (Orestes),Interlude;Nonprofessional,12053,6256,61,0.99,,,
A10438,15,The Beauty and Good Properties of Women (Calisto and Melebea) (Celestina),Interlude;Nonprofessional,8916,4606,46,0.99,,,
A20867,407,Jack Drum's Entertainment (Katherine and Pasquil),Boys Professional;Professional,16164,7904,76,0.99,,,
A11975,371,Henry the Fifth,Adult Professional;Professional,12268,6584,62,0.991,,,
A20093,1039,The Wonder of A Kingdom,Adult Professional;Professional,15433,7801,68,0.991,,,
A00471,9,The Summoning of Everyman,Interlude;Nonprofessional,6802,3678,29,0.992,,,
A02658,39,"The Temptation of Our Lord and Saviour, Jesus Christ, by Satan in the Desert",Interlude;Nonprofessional,3723,1933,16,0.992,,,
A03241.21,1065,"Amphrisa, or The Forsaken Shepherdess (Polopaea and Alope)",Closet/Unacted;Nonprofessional,2492,1278,10,0.992,,,
A04055,53,Impatient Poverty,Interlude;Nonprofessional,7154,3815,32,0.992,,,
A06480,123,All for Money,Interlude;Nonprofessional,14843,8524,68,0.992,,,
A07503,806,"The Inner-Temple Masque, or The Masque of Heroes",Occasional;Nonprofessional;University/Inns of Court,2400,1145,9,0.992,,,
A09134,147,Fedele and Fortunia (Two Italian Gentlemen),Boys Professional;Professional;Translation,15634,8359,64,0.992,,,
A10407,987,The Jealous Lovers,University/Inns of Court;Nonprofessional,25833,13270,104,0.992,,,
A11954.19,374,Henry the Fifth,Adult Professional;Professional,26073,13607,104,0.992,,,
A18463,1011,The Royal Entry of King Charles I into Edinburgh (The Entertainment at Edinburgh),Occasional;Nonprofessional,6691,2974,24,0.992,,,
A02732,489,Arches of Triumph (The Royal Entry of King James I into London),Occasional;Nonprofessional,6689,3254,23,0.993,,,
A03175,19,"The Pardoner and the Friar, the Curate, and Neighbor Pratte",Interlude;Nonprofessional,5230,2772,19,0.993,,,
A03181,22,The Play of the Weather,Interlude;Nonprofessional,10547,5562,40,0.993,,,
A07009,476,Doctor Faustus,Adult Professional;Professional,11478,5714,38,0.993,,,
A09223,148,The Pageant before Woolstone Dixie,Occasional;Nonprofessional,996,428,3,0.993,,,
A13384,910,Aminta,Translation;Nonprofessional;Closet/Unacted,18826,9599,68,0.993,,,
A19183,434,How a Man May Choose a Good Wife from a Bad,Adult Professional;Professional,21401,11913,88,0.993,,,
A02827,907,Apollo Shroving,Boys Nonprofessional/School;Nonprofessional,23095,12153,75,0.994,,,
A03234,963,London's Ius Honorarium (London's Law of Honor),Occasional;Nonprofessional,3287,1582,10,0.994,,,
A03241.19,1063,Jupiter and Io,Closet/Unacted;Nonprofessional,5454,2747,16,0.994,,,
A03255,1071,The Wise Woman of Hogsdon,Adult Professional;Professional,17667,9804,61,0.994,,,
A07065,501,The Dutch Courtesan (Cockle de Moye),Boys Professional;Professional,17656,8994,51,0.994,,,
A07512,906,The Triumphs of Health and Prosperity,Occasional;Nonprofessional,1781,837,5,0.994,,,
A09220,139,The Arraignment of Paris,Boys Professional;Professional,10435,5158,30,0.994,,,
A09232,264,The Old Wives Tale,Adult Professional;Professional,7628,4146,25,0.994,,,
A10495,1135,The Rebellion,Adult Professional;Professional,16352,8039,45,0.994,,,
A11909.3,132,Thebais (Seneca's Third Tragedy),Translation;Nonprofessional;Closet/Unacted,12107,5865,36,0.994,,,
A14713,54,Nice Wanton,Interlude;Nonprofessional,4697,2495,14,0.994,,,
A14846,74,Lusty Juventus,Interlude;Nonprofessional,9302,4824,31,0.994,,,
A18427,1095,The Ball,Adult Professional;Professional,17704,9608,59,0.994,,,
A21159,100,Damon and Pithias,Boys Nonprofessional/School;Nonprofessional,18499,9309,54,0.994,,,
A68918,131,The Conflict of Conscience,Interlude;Nonprofessional,20260,10415,59,0.994,,,
A72473.2.3,1171,Mortimer His Fall,Closet/Unacted;Professional,574,308,2,0.994,,,
A00725,697,A Woman Is a Weathercock,Boys Professional;Professional,16408,8893,44,0.995,,,
A01425,924,"Wine, Beer, and Ale Together by the Ears (Wine, Beer, Ale, and Tobacco Contending for Superiority)",University/Inns of Court;Nonprofessional,6165,3378,16,0.995,,,
A02906,37,The Chief Promises of God unto Man (God's Promises),Interlude;Nonprofessional,8478,3942,21,0.995,,,
A03242,1086,"Porta Pietatis, or The Port or Harbor of Piety",Occasional;Nonprofessional,3398,1650,9,0.995,,,
A03571.2,57,Robin Hood (Robin Hood and the Friar) (Robin Hood and the Potter),Nonprofessional;Interlude,1456,827,4,0.995,,,
A04942,190,The Spanish Tragedy (Hieronimo is Mad Again),Adult Professional;Professional,20846,10812,52,0.995,,,
A06621,181,Midas,Boys Professional;Professional,15103,8114,37,0.995,,,
A06629,298,The Woman in the Moon,Boys Professional;Professional,12231,6552,30,0.995,,,
A07064,420,Antonio's Revenge (2 Antonio and Mellida),Boys Professional;Professional,14938,6609,34,0.995,,,
A07510,825,The Sun in Aries,Occasional;Nonprofessional,2392,1070,5,0.995,,,
A15517,155,The Three Lords and Three Ladies of London,Adult Professional;Professional,20597,10870,53,0.995,,,
A17871,561,The Masque at Lord Hay's Marriage (Apollo's Knights),Occasional;Nonprofessional,4434,2059,10,0.995,,,
A19260,732,"Greene's Tu Quoque, or The City Gallant",Adult Professional;Professional,23585,13501,62,0.995,,,
A20066,707,"If It Be Not Good, the Devil Is in It (If This Be Not a Good Play, the Devil Is in It)",Adult Professional;Professional,21429,10276,55,0.995,,,
A00723,798,Amends for Ladies,Adult Professional;Professional;Boys Professional,18227,10115,36,0.996,,,
A01353,89,Like Will to Like (Quoth the Devil to the Collier),Interlude;Nonprofessional,10960,6004,27,0.996,,,
A01424,923,"Wine, Beer, and Ale Together by the Ears (Wine, Beer, Ale, and Tobacco Contending for Superiority)",University/Inns of Court;Nonprofessional,4872,2676,11,0.996,,,
A01911,538,Sir Giles Goosecap,Boys Professional;Professional,20508,10940,46,0.996,,,
A02127,232,Friar Bacon and Friar Bongay,Adult Professional;Professional,15831,8075,33,0.996,,,
A02128,233,Friar Bacon and Friar Bongay,Adult Professional;Professional,16478,8448,38,0.996,,,
A03177,33,The Four P's,Interlude;Nonprofessional,9016,4834,20,0.996,,,
A03179,25,A Play of Love,University/Inns of Court;Nonprofessional,12993,7122,32,0.996,,,
A03224.1.2,351,2 Edward the Fourth,Adult Professional;Professional,24536,13162,56,0.996,,,
A03229,1006,Londini Emporia (London's Markets),Occasional;Nonprofessional,4093,2029,8,0.996,,,
A03230,1055,"Londini Speculum, or London's Mirror",Occasional;Nonprofessional,3675,1812,8,0.996,,,
A03233,1116,"Londini Status Pacatus, or London's Peaceable Estate",Occasional;Nonprofessional,4647,2210,8,0.996,,,
A03496,794,"Technogamia, or The Marriages of the Arts",University/Inns of Court;Nonprofessional,32823,17797,69,0.996,,,
A04632.7,704,"Epicene, or The Silent Woman",Boys Professional;Professional,29182,16720,60,0.996,,,
A04645,705,"Epicene, or The Silent Woman",Boys Professional;Professional,26384,15058,56,0.996,,,
A06184,235,"The Wounds of Civil War, or Marius and Scilla",Adult Professional;Professional,19330,8943,36,0.996,,,
A07071,468,The Malcontent,Adult Professional;Professional;Boys Professional,14368,6824,25,0.996,,,
A07074,470,The Malcontent,Adult Professional;Professional;Boys Professional,19406,9457,34,0.996,,,
A07504,651,"A Mad World, My Masters",Boys Professional;Professional;Adult Professional,18398,9531,34,0.996,,,
A07516,856,The Triumphs of Integrity,Occasional;Nonprofessional,2432,1114,4,0.996,,,
A07525,823,The World Tossed at Tennis,Occasional;Adult Professional;Professional,8081,3976,15,0.996,,,
A07555,1057,Comus (The Masque at Ludlow Castle),Occasional;Nonprofessional,7749,3501,14,0.996,,,
A07637,796,Hans Beer-Pot (See Me and See Me Not),Closet/Unacted;Nonprofessional,12840,6568,24,0.996,,,
A07906,797,"Siderothriambos, or Steel and Iron Triumphing",Occasional;Nonprofessional,2387,1097,4,0.996,,,
A07907,517,The Triumphs of Reunited Britannia,Occasional;Nonprofessional,4326,1976,7,0.996,,,
A08360,68,Ferrex and Porrex (Gorboduc),University/Inns of Court;Nonprofessional,15207,7301,33,0.996,,,
A08361,69,Ferrex and Porrex (Gorboduc),University/Inns of Court;Nonprofessional,15146,7635,33,0.996,,,
A09224,203,Edward the First,Adult Professional;Professional,21280,10658,42,0.996,,,
A10041,96,"Cambises, King of Persia",Interlude;Nonprofessional,13029,6615,27,0.996,,,
A11145,1016,"The Noble Spanish Soldier (The Noble Soldier, or A Contract Broken Justly Revenged)",Adult Professional;Professional,14123,7075,30,0.996,,,
A11146,496,When You See Me You Know Me (Henry the Eighth),Adult Professional;Professional,23828,12272,46,0.996,,,
A11909.2,51,Thyestes (Seneca's Second Tragedy),Translation;Nonprofessional;Closet/Unacted,12567,6108,23,0.996,,,
A11954.29,884,Timon of Athens,Adult Professional;Professional,18156,9481,34,0.996,,,
A11983,425,The Merry Wives of Windsor,Adult Professional;Professional,11292,6326,26,0.996,,,
A12024,666,"Pericles, Prince of Tyre",Adult Professional;Professional,17979,9734,43,0.996,,,
A14625,84,The Life and Repentance of Mary Magdalene,Interlude;Nonprofessional,18766,10504,46,0.996,,,
A14871,898,Monuments of Honor,Occasional;Nonprofessional,3572,1679,6,0.996,,,
A16900,495,The Fair Maid of Bristol,Adult Professional;Professional,9305,4969,18,0.996,,,
A18596,951,"Hoffman, or A Revenge for a Father",Adult Professional;Professional,19928,9964,39,0.996,,,
A20076,364,Old Fortunatus,Adult Professional;Professional,23733,11318,45,0.996,,,
A20090,700,Troia Nova Triumphans (London Triumphing),Occasional;Nonprofessional,5077,2535,10,0.996,,,
A20092,569,The Whore of Babylon,Adult Professional;Professional,21159,10525,47,0.996,,,
A21411,672,The Two Maids of More-Clacke,Boys Professional;Professional,16519,8689,31,0.996,,,
A68655,1131,"Messalina, the Roman Empress",Adult Professional;Professional,15923,7185,28,0.996,,,
A72473.1.1,971,Bartholomew Fair,Adult Professional;Professional,35112,19236,76,0.996,,,
A72473.2.1.9,853,Time Vindicated to Himself and to His Honors,Occasional;Nonprofessional,3210,1727,7,0.996,,,
A72473.2.1.13,902,The Fortunate Isles and Their Union,Occasional;Nonprofessional,3108,1693,6,0.996,,,
A00760,1005,Fuimus Troes (The True Trojans),University/Inns of Court;Nonprofessional,17013,7332,20,0.997,,,
A01502,187,Antonius (Antony),Translation;Nonprofessional;Closet/Unacted,14697,6948,23,0.997,,,
A01509,129,The Most Virtuous and Godly Susanna,Interlude;Nonprofessional,14858,8359,24,0.997,,,
A01773,1148,The Hollander (Love's Trial),Boys Professional;Professional,20236,10509,29,0.997,,,
A01836,975,"The Courageous Turk, or Amurath the First",University/Inns of Court;Nonprofessional,14346,6917,23,0.997,,,
A01839,961,"The Raging Turk, or Bajazet the Second",University/Inns of Court;Nonprofessional,26339,12565,36,0.997,,,
A01840,1008,Orestes,University/Inns of Court;Nonprofessional,19001,9587,33,0.997,,,
A02125,236,Orlando Furioso,Adult Professional;Professional,10779,5422,14,0.997,,,
A02168,314,The Scottish History of James the Fourth,Adult Professional;Professional,19957,10573,32,0.997,,,
A02629,1153,"Sicily and Naples, or The Fatal Union",University/Inns of Court;Closet/Unacted;Nonprofessional,20089,10115,31,0.997,,,
A03224.1.1,345,1 Edward the Fourth,Adult Professional;Professional,22844,12299,40,0.997,,,
A03405,681,"Histriomastix, or The Player Whipped",Boys Professional;Professional,12857,5917,16,0.997,,,
A04539,595,"The Devil's Charter, or Pope Alexander the Sixth",Adult Professional;Professional,22694,11085,35,0.997,,,
A04604,1030,"Adrasta, or The Woman's Spleen and Love's Conquest",Closet/Unacted;Nonprofessional,23104,11834,35,0.997,,,
A04632.2,368,Every Man Out of His Humor,Adult Professional;Professional,37398,20879,55,0.997,,,
A04647,404,Every Man in His Humor,Adult Professional;Professional,25709,14458,39,0.997,,,
A04648,365,Every Man Out of His Humor,Adult Professional;Professional,38169,21069,61,0.997,,,
A04652,901,The Fortunate Isles and Their Union,Occasional;Nonprofessional,3078,1672,5,0.997,,,
A04654,558,"Hymenaei, or the Solemnities of Masque and Barriers at a Marriage (Truth versus Opinion)",Occasional;Nonprofessional,7530,3588,10,0.997,,,
A04941,520,"1 Jeronimo, with the Wars of Portugal",Adult Professional;Professional,9136,4267,13,0.997,,,
A05206,500,The True Chronicle of King Leir (King Lear and his Three Daughters),Adult Professional;Professional,21327,12139,36,0.997,,,
A06333,397,Look About You,Adult Professional;Professional,25195,12518,40,0.997,,,
A06589,167,"Endymion, the Man in the Moon",Boys Professional;Professional,18490,10167,26,0.997,,,
A06620,409,Love's Metamorphosis,Boys Professional;Professional,10163,5641,17,0.997,,,
A06622,239,Mother Bombie,Boys Professional;Professional,16575,9106,25,0.997,,,
A06991,998,The Jew of Malta,Adult Professional;Professional,18532,10200,27,0.997,,,
A07023,244,"Dido, Queen of Carthage",Boys Professional;Professional,13635,6946,22,0.997,,,
A07081,592,What You Will,Professional;Boys Professional,17264,8109,22,0.997,,,
A07237,854,The Duke of Milan,Adult Professional;Professional,21422,11965,32,0.997,,,
A07492,430,"Blurt, Master Constable, or The Spaniard's Night Walk",Boys Professional;Professional,17096,8745,27,0.997,,,
A07498,904,A Game at Chess,Adult Professional;Professional,17706,9028,31,0.997,,,
A07507,573,The Phoenix,Boys Professional;Professional,19790,10517,28,0.997,,,
A08469,376,1 Sir John Oldcastle,Adult Professional;Professional,21087,11344,39,0.997,,,
A09221,243,The Battle of Alcazar,Adult Professional;Professional,10917,5287,14,0.997,,,
A09228,361,The Love of King David and Fair Bathsheba,Adult Professional;Professional,14859,7415,20,0.997,,,
A11153,978,"A New Wonder, A Woman Never Vexed",Adult Professional;Professional,22746,12413,32,0.997,,,
A11435,1041,"The Vow Breaker, or The Fair Maid of Clifton",Nonprofessional,18079,9035,27,0.997,,,
A11909.6,49,Troas (Seneca's Sixth Tragedy),Translation;Nonprofessional;Closet/Unacted,15327,7293,24,0.997,,,
A11917,81,Octavia (Seneca's Ninth Tragedy),Translation;Nonprofessional;Closet/Unacted,11751,4723,16,0.997,,,
A11954.3,427,The Merry Wives of Windsor,Adult Professional;Professional,21652,12026,42,0.997,,,
A11954.7,316,Love's Labor's Lost,Adult Professional;Professional,21326,11466,29,0.997,,,
A11954.11,229,The Taming of the Shrew,Adult Professional;Professional,20866,11493,36,0.997,,,
A11954.20,878,1 Henry the Sixth,Adult Professional;Professional,21025,10804,33,0.997,,,
A11954.24,880,Henry the Eighth (All Is True),Adult Professional;Professional,24181,13071,43,0.997,,,
A11959,449,"Hamlet, Prince of Denmark",Adult Professional;Professional,16387,8997,23,0.997,,,
A11988,428,The Merry Wives of Windsor,Adult Professional;Professional,21611,12029,42,0.997,,,
A12016,230,The Taming of the Shrew,Adult Professional;Professional,20885,11548,37,0.997,,,
A12142,1051,The Lady of Pleasure,Adult Professional;Professional,20616,11138,35,0.997,,,
A12145,1111,The Maid's Revenge,Adult Professional;Professional,17726,9672,25,0.997,,,
A12148,1128,The Opportunity,Adult Professional;Professional,18486,10344,32,0.997,,,
A12954,720,"Cynthia's Revenge, or Maenander's Ecstasy",Closet/Unacted;Nonprofessional,34477,15026,40,0.997,,,
A12969,117,Gammer Gurton's Needle,University/Inns of Court;Nonprofessional,14347,7320,24,0.997,,,
A13125.1,1078,Aglaura,Adult Professional;Professional,14723,7999,21,0.997,,,
A13804,562,"Lingua, or The Combat of the Tongue and the Five Senses for Superiority",University/Inns of Court;Nonprofessional,25929,12984,40,0.997,,,
A14599,1053,The Valiant Scot,Adult Professional;Professional,16343,7924,23,0.997,,,
A14875,708,The White Devil (Vittoria Corombona),Adult Professional;Professional,24928,12827,43,0.997,,,
A15045.1.2,125,2 Promos and Cassandra,Closet/Unacted,9852,4660,14,0.997,,,
A15676,665,Every Woman in Her Humor,Boys Professional;Professional,17427,9121,28,0.997,,,
A16923,1140,The Antipodes,Adult Professional;Professional,22423,12191,31,0.997,,,
A18403,579,Bussy D'Ambois,Boys Professional;Professional,20089,10588,27,0.997,,,
A18413,533,The Gentleman Usher (Vincentio and Margaret),Boys Professional;Professional,20835,11342,32,0.997,,,
A18415,695,May Day,Boys Professional;Professional,23265,13119,34,0.997,,,
A19888,1110,A New Trick to Cheat the Devil,Adult Professional;Professional,20770,11272,34,0.997,,,
A19977,629,Law Tricks,Boys Professional;Professional,15666,7753,27,0.997,,,
A20065,947,2 The Honest Whore (2 The Converted Courtesan),Adult Professional;Professional,23743,12563,41,0.997,,,
A20081,444,"Satiromastix, or The Untrussing of the Humorous Poet",Boys Professional;Adult Professional;Professional,22281,11028,31,0.997,,,
A20083,398,"The Shoemaker's Holiday, or The Gentle Craft",Adult Professional;Professional,19461,9538,26,0.997,,,
A21246.1.0,202,The Royal Entertainment at Rycote,Occasional;Nonprofessional,1777,953,3,0.997,,,
A68191,494,The Trial of Chivalry (This Gallant Cavaliero Dick Bowyer),Adult Professional;Professional,19253,9831,26,0.997,,,
A68468,628,Your Five Gallants (The Five Witty Gallants),Boys Professional;Professional,20225,10498,30,0.997,,,
A68726,315,Love's Labor's Lost,Adult Professional;Professional,18348,9887,28,0.997,,,
A72473.2.1.10,895,Neptune's Triumph for the Return of Albion,Occasional;Nonprofessional,2858,1546,5,0.997,,,
A72473.2.1.11,1167,"Pan's Anniversary, or The Shepherds' Holiday",Occasional;Nonprofessional,2094,1096,3,0.997,,,
A00958,1114,"The Bloody Brother (Rollo, Duke of Normandy)",Adult Professional;Professional,19582,10636,16,0.998,,,
A00969,1018,The Two Noble Kinsmen,Adult Professional;Professional,23438,12556,20,0.998,,,
A00979,957,Sicelides (The Sicilians),University/Inns of Court;Nonprofessional,21064,10685,17,0.998,,,
A01046,1003,The Broken Heart,Professional;Adult Professional,19115,9471,17,0.998,,,
A01052,1101,The Lady's Trial,Professional;Boys Professional,17243,8359,13,0.998,,,
A01056,1001,Love's Sacrifice,Professional;Adult Professional,21014,11160,19,0.998,,,
A01500,210,Cornelia (Pompey the Great His Fair Cornelia's Tragedy),Translation;Nonprofessional;Closet/Unacted,15458,7222,11,0.998,,,
A01775,1144,The Ladies' Privilege (The Lady's Privilege),Boys Professional;Professional,15580,7805,19,0.998,,,
A01779,1145,Wit in a Constable,Boys Professional;Professional,15728,8148,16,0.998,,,
A01848,130,The Entertainment of the French Ambassadors (The Fortress of Perfect Beauty) (Tilt of the Foster-Children of Desire),Occasional;Nonprofessional,7528,3617,7,0.998,,,
A01853,911,"Lodovic Sforza, Duke of Milan",Closet/Unacted;Nonprofessional,16247,8734,21,0.998,,,
A02091,357,"Alphonsus, King of Aragon",Adult Professional;Professional,10989,5839,10,0.998,,,
A03019,680,London's Love to Prince Henry (Water Pageant of Corinea and Amphion),Occasional;Nonprofessional,2716,1330,3,0.998,,,
A03190,1040,A Challenge for Beauty,Adult Professional;Professional,17987,9670,17,0.998,,,
A03205,687,"The Golden Age, or The Lives of Jupiter and Saturn",Adult Professional;Professional,18350,9274,15,0.998,,,
A03217,527,2 If You Know Not Me You Know Nobody (The Second Part of Queen Elizabeth's Troubles),Adult Professional;Professional,22074,11705,21,0.998,,,
A03228,984,"Londini Artium et Scientiarum Scaturigo, or London's Fountain of Arts and Sciences",Occasional;Nonprofessional,3431,1659,4,0.998,,,
A03240,1019,A Maidenhead Well Lost,Adult Professional;Professional,13494,7324,13,0.998,,,
A03244,642,The Rape of Lucrece,Adult Professional;Professional,19796,9888,18,0.998,,,
A04520.1,171,1 The Troublesome Reign of King John,Adult Professional;Professional,14189,7288,12,0.998,,,
A04632.1,405,Every Man in His Humor,Adult Professional;Professional,27138,15346,26,0.998,,,
A04632.13.1,767,The Royal Entertainment at Highgate (The Penates),Occasional;Nonprofessional,2116,1142,2,0.998,,,
A04632.14.3,559,"Hymenaei, or the Solemnities of Masque and Barriers at a Marriage (Truth versus Opinion)",Occasional;Nonprofessional,3486,1723,3,0.998,,,
A04636,701,The Alchemist,Adult Professional;Professional,27150,14850,24,0.998,,,
A04638,663,The Case Is Altered,Boys Professional;Professional,17933,9731,23,0.998,,,
A04644,967,Chloridia: Rites to Chloris and Her Nymphs,Nonprofessional;Occasional,2180,1084,2,0.998,,,
A04656,894,Neptune's Triumph for the Return of Albion,Occasional;Nonprofessional,2350,1229,3,0.998,,,
A04658,956,"The New Inn, or The Light Heart",Adult Professional;Professional,21826,11556,18,0.998,,,
A04881,683,"Ram Alley, or Merry Tricks",Boys Professional;Professional,20779,11114,27,0.998,,,
A05801,740,The Valiant Welshman (Caradoc the Great),Adult Professional;Professional,15946,7777,12,0.998,,,
A06185,216,A Looking Glass for London and England,Adult Professional;Professional,19572,9909,23,0.998,,,
A06252,724,The Knight of the Burning Pestle,Boys Professional;Professional;Adult Professional,21389,11594,26,0.998,,,
A06389,753,The Scornful Lady,Boys Professional;Professional;Adult Professional,23106,13134,23,0.998,,,
A06453,1062,"Luminalia, or The Festival of Light",Occasional;Nonprofessional,3517,1633,4,0.998,,,
A06458,577,The Woman Hater (The Hungry Courtier),Boys Professional;Professional;Adult Professional,22548,12745,23,0.998,,,
A06583,140,"Campaspe (Alexander, Campaspe, and Diogenes)",Boys Professional;Professional,12233,6770,15,0.998,,,
A06625,135,Sappho and Phao,Boys Professional;Professional,13076,7211,15,0.998,,,
A06742,370,The Maid's Metamorphosis,Boys Professional;Professional,13944,7576,14,0.998,,,
A07018,245,Edward the Second,Adult Professional;Professional,20518,11016,27,0.998,,,
A07025,979,Holland's Leaguer,Adult Professional;Professional,20487,11916,19,0.998,,,
A07052,95,The Marriage of Wit and Science,Interlude;Nonprofessional;Boys Nonprofessional/School;,11179,6170,10,0.998,,,
A07063,418,Antonio and Mellida,Boys Professional;Professional,13007,5981,12,0.998,,,
A07067,721,The Insatiate Countess,Boys Professional;Professional,20559,10429,26,0.998,,,
A07077,542,"Parasitaster, or The Fawn",Boys Professional;Professional,22162,11404,21,0.998,,,
A07083,544,"The Wonder of Women, or Sophonisba",Boys Professional;Professional,12640,5697,9,0.998,,,
A07234,896,The Bondman (The Noble Bondman),Adult Professional;Professional,20449,11021,23,0.998,,,
A07238,977,The Emperor of the East,Adult Professional;Professional,19613,10798,19,0.998,,,
A07239,1036,The Great Duke of Florence,Adult Professional;Professional,18896,10810,22,0.998,,,
A07240,992,The Maid of Honor,Adult Professional;Professional,19125,10414,20,0.998,,,
A07241,997,A New Way to Pay Old Debts,Adult Professional;Professional,20452,11373,25,0.998,,,
A07246,930,"The Renegado, or The Gentleman of Venice",Adult Professional;Professional,19859,10675,22,0.998,,,
A07251,982,The Fatal Dowry,Adult Professional;Professional,20730,11480,21,0.998,,,
A07495,616,The Family of Love,Boys Professional;Professional,19879,10366,21,0.998,,,
A07515,849,The Triumphs of Honor and Virtue,Occasional;Nonprofessional,2421,1119,2,0.998,,,
A07518,717,The Triumphs of Truth,Occasional;Nonprofessional,6384,3075,5,0.998,,,
A07524,696,"The Roaring Girl, or Moll Cutpurse",Adult Professional;Professional,23580,12310,24,0.998,,,
A07903,731,Himatia-Poleos: The Triumphs of Old Drapery,Occasional;Nonprofessional,3746,1816,4,0.998,,,
A07904,750,Metropolis Coronata: The Triumphs of Ancient Drapery,Occasional;Nonprofessional,3442,1670,3,0.998,,,
A07974,1044,Hannibal and Scipio,Adult Professional;Professional,15868,7730,14,0.998,,,
A07975,1045,Microcosmus,Occasional;Adult Professional;Professional,10651,5181,10,0.998,,,
A07978,1077,Tottenham Court,Adult Professional;Professional,16877,8660,14,0.998,,,
A08058,164,The Pageant for John Allot,Occasional;Nonprofessional,1225,554,1,0.998,,,
A09222,169,Descensus Astraeae (The Descent of Astraea),Occasional;Nonprofessional,1068,420,1,0.998,,,
A09857,363,1 The Two Angry Women of Abingdon,Adult Professional;Professional,25311,14522,25,0.998,,,
A10411.2,1087,The Muses' Looking Glass,Boys Professional;Professional,19301,10049,25,0.998,,,
A10726,265,3 Henry the Sixth (The True Tragedy of Richard Duke of York and the Good King Henry the Sixth),Adult Professional;Professional,16676,8603,21,0.998,,,
A11151,999,A Match at Midnight,Boys Professional;Adult Professional;Professional,18957,9727,23,0.998,,,
A11152,1066,A Shoemaker a Gentleman,Adult Professional;Professional,20593,10507,17,0.998,,,
A11155,993,All's Lost by Lust,Adult Professional;Professional,15996,8599,14,0.998,,,
A11205,1028,The Shepherds' Holiday,Adult Professional;Professional,20311,11795,23,0.998,,,
A11262,263,"Locrine, the Eldest Son of King Brutus",Adult Professional;Professional,15425,7393,13,0.998,,,
A11264,591,"The Puritan, or The Widow of Watling Street (The Puritan Widow)",Boys Professional;Professional,18702,9900,20,0.998,,,
A11265,431,Thomas Lord Cromwell,Adult Professional;Professional,13152,7492,12,0.998,,,
A11267,432,Thomas Lord Cromwell,Adult Professional;Professional,13935,7947,14,0.998,,,
A11909.4,133,Hippolytus (Seneca's Fourth Tragedy),Translation;Nonprofessional;Closet/Unacted,15378,6447,16,0.998,,,
A11909.5,65,Oedipus (Seneca's Fifth Tragedy),Translation;Nonprofessional;Closet/Unacted,14116,6605,13,0.998,,,
A11909.9,82,Octavia (Seneca's Ninth Tragedy),Translation;Nonprofessional;Closet/Unacted,11672,4819,12,0.998,,,
A11912,79,Medea (Seneca's Seventh Tragedy),Translation;Nonprofessional;Closet/Unacted,15299,6215,13,0.998,,,
A11914,50,Thyestes (Seneca's Second Tragedy),Translation;Nonprofessional;Closet/Unacted,12253,5883,12,0.998,,,
A11954.1,860,The Tempest,Adult Professional;Professional,16635,8830,15,0.998,,,
A11954.10,868,As You Like It,Adult Professional;Professional,21721,12507,21,0.998,,,
A11954.12,870,All's Well That Ends Well,Adult Professional;Professional,23068,13100,23,0.998,,,
A11954.16,278,Richard the Second,Adult Professional;Professional,21928,11187,19,0.998,,,
A11954.17,306,1 Henry the Fourth,Adult Professional;Professional,24510,13291,20,0.998,,,
A11954.18,379,2 Henry the Fourth,Adult Professional;Professional,26031,14080,30,0.998,,,
A11954.26,882,Coriolanus,Adult Professional;Professional,27410,14979,26,0.998,,,
A11954.27,214,Titus Andronicus,Adult Professional;Professional,20182,10626,20,0.998,,,
A11954.31,888,Macbeth,Adult Professional;Professional,17058,8919,16,0.998,,,
A11954.35,890,Antony and Cleopatra,Adult Professional;Professional,24500,12975,25,0.998,,,
A11974,378,2 Henry the Fourth,Adult Professional;Professional,23378,12604,24,0.998,,,
A11992,838,"Othello, the Moor of Venice",Adult Professional;Professional,25006,14078,25,0.998,,,
A12010,291,Romeo and Juliet,Adult Professional;Professional,17353,9145,21,0.998,,,
A12017,211,Titus Andronicus,Adult Professional;Professional,19288,10123,21,0.998,,,
A12023,521,The London Prodigal,Adult Professional;Professional,15747,8857,14,0.998,,,
A12074,581,Cupid's Whirligig,Boys Professional;Professional,22999,12761,31,0.998,,,
A12141,1130,The Humorous Courtier (The Duke),Adult Professional;Professional,16190,8479,20,0.998,,,
A12152,954,The School of Compliment (Love Tricks),Adult Professional;Professional,21756,12194,25,0.998,,,
A12155,920,The Wedding,Adult Professional;Professional,18467,9893,17,0.998,,,
A12548,744,"The Hector of Germany, or The Palsgrave, Prime Elector",Nonprofessional;Private,15460,8500,16,0.998,,,
A12578,188,Soliman and Perseda (Zulziman),Adult Professional;Professional,17592,9331,15,0.998,,,
A13345,730,The Hog Hath Lost His Pearl,Nonprofessional;Private,16406,8963,17,0.998,,,
A13360,228,The Taming of a Shrew,Adult Professional;Professional,12393,6923,14,0.998,,,
A13664,66,Thersites,Interlude;Nonprofessional,7181,3753,7,0.998,,,
A13802,745,Albumazar,University/Inns of Court;Nonprofessional,22673,10873,22,0.998,,,
A13843,594,The Revenger's Tragedy,Adult Professional;Professional,20098,10171,17,0.998,,,
A14193,83,Ralph Roister Doister,Interlude;Nonprofessional,19239,10800,22,0.998,,,
A14627,99,Enough Is as Good as a Feast,Interlude;Nonprofessional,13947,7502,18,0.998,,,
A14715,121,The Tide Tarrieth No Man,Interlude;Nonprofessional,14750,8252,14,0.998,,,
A14872,858,The Duchess of Malfi,Adult Professional;Professional,24312,13032,29,0.998,,,
A15045.1.1,124,1 Promos and Cassandra,Closet/Unacted,10661,5142,11,0.998,,,
A15498,178,Tancred and Gismund (Gismond of Salerne),University/Inns of Court;Nonprofessional,14900,7681,13,0.998,,,
A15519,146,The Three Ladies of London,Adult Professional;Professional,18432,10377,24,0.998,,,
A15549,548,Wily Beguiled,Boys Professional;Professional,19199,10100,25,0.998,,,
A15707,749,"Work for Cutlers (Sword, Rapier, and Dagger)",University/Inns of Court;Nonprofessional,1886,1022,2,0.998,,,
A15814,415,Two Lamentable Tragedies,Adult Professional;Professional,18371,9772,19,0.998,,,
A15873,1102,"The Sophister (Fallacy, or The Troubles of Great Hermenia)",University/Inns of Court;Nonprofessional,15679,8420,19,0.998,,,
A16924,981,The Northern Lass,Adult Professional;Professional,27243,15638,26,0.998,,,
A17029,177,The Royal Entertainment at Cowdray,Occasional;Nonprofessional,2589,1357,3,0.998,,,
A18083,1121,The Royal Slave,University/Inns of Court;Nonprofessional;Adult Professional;Professional,13203,6982,17,0.998,,,
A18400,518,All Fools,Boys Professional;Professional,18825,10375,22,0.998,,,
A18402,310,The Blind Beggar of Alexandria (Irus),Adult Professional;Professional,13020,7247,13,0.998,,,
A18404.2,649,The Tragedy of Charles Duke of Byron,Boys Professional;Professional,18679,10173,20,0.998,,,
A18589,679,Chester's Triumph (St George's Day Entertainment),Occasional;Nonprofessional,3481,1630,4,0.998,,,
A19182,433,The Contention between Liberality and Prodigality,Boys Professional;Professional,9566,4953,8,0.998,,,
A19346,1059,1 The Cid (The Valiant Cid),Boys Professional;Professional;Translation,14002,7677,14,0.998,,,
A19876,926,The Cruel Brother,Adult Professional;Professional,17817,9134,14,0.998,,,
A19880,1124,Salmacida Spolia,Occasional;Nonprofessional,4085,1940,4,0.998,,,
A19881,916,"Albovine, King of the Lombards",Closet/Unacted;Professional,19751,9671,19,0.998,,,
A19975,630,Humor Out of Breath,Boys Professional;Professional,13950,7430,18,0.998,,,
A20062,471,1 The Honest Whore (1 The Converted Courtesan) (The Patient Man and the Honest Whore),Adult Professional;Professional,23653,12135,21,0.998,,,
A20077,456,Patient Grissel,Adult Professional;Professional,19937,9928,24,0.998,,,
A20088,953,Match Me in London,Adult Professional;Professional,18286,9677,16,0.998,,,
A20096,600,The Famous History of Sir Thomas Wyatt,Adult Professional;Professional,10655,5451,9,0.998,,,
A20098,590,Northward Ho,Boys Professional;Professional,21113,11265,19,0.998,,,
A20866,966,The Duchess of Suffolk,Adult Professional;Professional,16452,8426,18,0.998,,,
A20951,183,Master Arden of Faversham in Kent,Adult Professional;Professional,19896,10879,21,0.998,,,
A21136,617,The Merry Devil of Edmonton,Adult Professional;Professional,11829,6124,11,0.998,,,
A21238,149,The Queen's Entertainment at Woodstock,Occasional;Nonprofessional,8417,4624,10,0.998,,,
A68683,765,The Honest Lawyer,Adult Professional;Professional,21275,10776,20,0.998,,,
A68931,222,2 Henry the Sixth (The First Part of the Contention betwixt the Two Famous Houses of York and Lancaster),Adult Professional;Professional,16155,8500,16,0.998,,,
A72254,983,The Rival Friends,University/Inns of Court;Nonprofessional,30907,17069,40,0.998,,,
A72473.1.2,972,The Staple of News,Adult Professional;Professional,25128,13638,21,0.998,,,
A72473.3.3,1174,"The Sad Shepherd, or A Tale of Robin Hood",Professional;Closet/Unacted,10899,5758,10,0.998,,,
B00230,852,Time Vindicated to Himself and to His Honors,Occasional;Nonprofessional,3207,1781,3,0.998,,,
B01146,915,"London's Tempe, or The Field of Happiness",Occasional;Nonprofessional,3141,1441,3,0.998,,,
B12027,1096,"Chabot, Admiral of France",Adult Professional;Professional,19000,10232,16,0.998,,,
B13574,1104,Monsieur Thomas (Father's Own Son),Adult Professional;Professional,21261,11750,21,0.998,,,
A00456,114,Appius and Virginia,Interlude,7191,3636,3,0.999,,,
A00959,1115,"The Bloody Brother (Rollo, Duke of Normandy)",Adult Professional;Professional,19602,10564,12,0.999,,,
A00960,1046,The Elder Brother,Adult Professional;Professional,19633,10710,14,0.999,,,
A00962,675,The Faithful Shepherdess,Boys Professional;Professional;Adult Professional,20044,10280,10,0.999,,,
A00966,1127,"The Night Walker, or The Little Thief",Adult Professional;Professional,20041,10731,15,0.999,,,
A00967,1152,Rule a Wife and Have a Wife,Adult Professional;Professional,18586,10538,14,0.999,,,
A00968,826,Thierry and Theodoret,Adult Professional;Professional,19438,10832,11,0.999,,,
A01049,1067,The Fancies Chaste and Noble,Professional;Adult Professional,18403,9060,9,0.999,,,
A01055,914,The Lover's Melancholy,Adult Professional;Professional,18426,9553,9,0.999,,,
A01253,1106,Imperiale,Closet/Unacted;Nonprofessional,14640,7461,11,0.999,,,
A01514.3,104,Supposes,Translation;Nonprofessional;University/Inns of Court,18016,10324,9,0.999,,,
A01777,1113,Albertus Wallenstein,Adult Professional;Professional,11037,5495,6,0.999,,,
A01989,1137,The Strange Discovery,Closet/Unacted;Nonprofessional,22488,12274,16,0.999,,,
A02070,359,"George a Green, the Pinner of Wakefield",Adult Professional;Professional,7994,4509,4,0.999,,,
A02284,416,"Il Pastor Fido, or The Faithful Shepherd",Translation;Nonprofessional;Closet/Unacted,36375,19194,24,0.999,,,
A03189,719,The Brazen Age (The Age of Brass),Adult Professional;Professional,20628,10031,14,0.999,,,
A03195,1007,The English Traveller,Adult Professional;Professional,21162,11640,9,0.999,,,
A03197,570,The Fair Maid of the Exchange,Adult Professional;Professional,20807,11753,16,0.999,,,
A03202,751,The Four Prentices of London,Adult Professional;Professional,21481,11188,10,0.999,,,
A03208,503,"1 If You Know Not Me You Know Nobody, or The Troubles of Queen Elizabeth",Adult Professional;Professional,11422,6100,4,0.999,,,
A03241.20,1064,Apollo and Daphne,Closet/Unacted;Nonprofessional,3746,1935,2,0.999,,,
A03248,1049,The Royal King and the Loyal Subject,Adult Professional;Professional,19833,11077,11,0.999,,,
A03256,603,A Woman Killed with Kindness,Adult Professional;Professional,16150,8744,7,0.999,,,
A03258,1020,The Late Lancashire Witches,Adult Professional;Professional,21596,12009,10,0.999,,,
A03424,738,"A Merry Dialogue between Band, Cuff, and Ruff",University/Inns of Court;Nonprofessional,1626,968,1,0.999,,,
A03438,739,"A Merry Dialogue between Band, Cuff, and Ruff",University/Inns of Court;Nonprofessional,1628,968,1,0.999,,,
A04027,94,The Disobedient Child,Interlude;Nonprofessional,11497,6257,5,0.999,,,
A04206,91,Jacob and Esau,Interlude;Nonprofessional,17206,9543,11,0.999,,,
A04520.3,174,2 The Troublesome Reign of King John,Adult Professional;Professional,9663,4973,4,0.999,,,
A04599,1061,Britannia Triumphans (Britain Triumphing),Occasional;Nonprofessional,5182,2468,2,0.999,,,
A04632.4,423,"Poetaster, or The Arraignment",Boys Professional;Professional,27069,14411,20,0.999,,,
A04632.6,606,"Volpone, or The Fox",Adult Professional;Professional,27235,15232,14,0.999,,,
A04632.8,702,The Alchemist,Adult Professional;Professional,20869,11341,17,0.999,,,
A04632.14.2,635,The Masque of Beauty,Occasional;Nonprofessional,1867,962,1,0.999,,,
A04632.14.4,638,The Masque at Lord Haddington's Marriage (The Hue and Cry after the Fugitive Cupid),Occasional;Nonprofessional,2352,1230,1,0.999,,,
A04632.14.10.1,787,The Golden Age Restored,Occasional;Nonprofessional,1381,740,1,0.999,,,
A04640,690,Catiline His Conspiracy,Adult Professional;Professional,29287,16077,16,0.999,,,
A04824,1073,The Conspiracy (Pallantus and Eudora),Adult Professional;Professional;Private,31856,18181,23,0.999,,,
A04874,1085,The Seven Champions of Christendom,Adult Professional;Professional,21837,11066,15,0.999,,,
A04888,209,A Knack to Know a Knave,Adult Professional;Professional,16407,9247,5,0.999,,,
A04896,964,Rhodon and Iris,Occasional;Nonprofessional,13407,6493,9,0.999,,,
A06177,741,Cupid's Revenge,Boys Professional;Professional,20686,12096,13,0.999,,,
A06207,808,A King and No King,Adult Professional;Professional,24335,14527,11,0.999,,,
A06270,441,"A Larum for London, or The Siege of Antwerp",Adult Professional;Professional,12270,6498,7,0.999,,,
A06289,800,The Maid's Tragedy,Adult Professional;Professional,21207,12240,18,0.999,,,
A06343,815,"Philaster, or Love Lies a-Bleeding",Adult Professional;Professional,19856,11192,11,0.999,,,
A06402,1120,The Phoenix in Her Flames,Professional;Closet/Unacted,23262,12573,15,0.999,,,
A06975,653,The Dumb Knight,Boys Professional;Professional,18404,9675,9,0.999,,,
A06982,848,Herod and Antipater,Adult Professional;Professional,22090,11201,12,0.999,,,
A07003,260,The Massacre at Paris,Adult Professional;Professional,9657,5228,3,0.999,,,
A07004.1,160,2 Tamburlaine the Great,Adult Professional;Professional,17380,8774,11,0.999,,,
A07024,1004,A Fine Companion,Adult Professional;Professional,22936,13610,13,0.999,,,
A07217,673,The Turk (Muleasses the Turk),Boys Professional;Professional,17310,8812,10,0.999,,,
A07248,1105,The Unnatural Combat,Adult Professional;Professional,18844,10585,15,0.999,,,
A07249,843,The Virgin Martyr,Adult Professional;Professional,21452,11420,9,0.999,,,
A07326,850,The Heir,Adult Professional;Professional,16356,9169,9,0.999,,,
A07330,1099,"Cleopatra, Queen of Egypt",Unknown;Nonprofessional;Professional,14866,7320,6,0.999,,,
A07367,1118,The City Match,University/Inns of Court;Nonprofessional;Adult Professional;Professional;Private,19793,10700,14,0.999,,,
A07494,766,"Civitatis Amor (Water Pageant for Prince Charles: London and Neptune, Hope and Peace)",Occasional;Nonprofessional,3121,1512,1,0.999,,,
A07505,575,Michaelmas Term,Boys Professional;Professional,19802,10482,7,0.999,,,
A07511,614,A Trick to Catch the Old One,Boys Professional;Professional,18460,9978,13,0.999,,,
A07517,807,The Triumphs of Love and Antiquity,Occasional;Nonprofessional,3653,1695,2,0.999,,,
A07859,319,Mucedorus (and Amadine),Adult Professional;Professional,10789,5701,5,0.999,,,
A07895,688,Chruso-Thriambos: The Triumphs of Gold,Occasional;Nonprofessional,4133,1964,2,0.999,,,
A07897,411,"The Death of Robert, Earl of Huntingdon (2 Robin Hood)",Adult Professional;Professional,21992,11385,14,0.999,,,
A07971,1082,Covent Garden,Adult Professional;Professional,17578,9331,14,0.999,,,
A07979,1134,The Unfortunate Mother,Closet/Unacted;Professional,13328,7047,9,0.999,,,
A08065,899,Nero (Piso's Conspiracy),Unknown;Nonprofessional;Professional,17790,9245,10,0.999,,,
A08262,540,Nobody and Somebody,Adult Professional;Professional,15600,8225,12,0.999,,,
A08731,1070,The Lost Lady,Professional;Adult Professional,21600,12188,16,0.999,,,
A10192,122,Abraham's Sacrifice,Translation;Nonprofessional;Closet/Unacted,8025,4434,5,0.999,,,
A11909.7,80,Medea (Seneca's Seventh Tragedy),Translation;Nonprofessional;Closet/Unacted,15459,6880,6,0.999,,,
A11909.8,77,Agamemnon (Seneca's Eighth Tragedy),Translation;Nonprofessional;Closet/Unacted,13981,6228,8,0.999,,,
A11909.10,134,Hercules Oetaeus (Hercules on Mount Oeta) (Seneca's Tenth Tragedy),Translation;Nonprofessional;Closet/Unacted,22292,10455,12,0.999,,,
A11910,76,Agamemnon (Seneca's Eighth Tragedy),Translation;Nonprofessional;Closet/Unacted,13770,5894,4,0.999,,,
A11954.2,862,The Two Gentlemen of Verona,Adult Professional;Professional,17378,10034,6,0.999,,,
A11954.4,864,Measure for Measure,Adult Professional;Professional,21843,12438,8,0.999,,,
A11954.5,866,The Comedy of Errors,Adult Professional;Professional,14730,8277,10,0.999,,,
A11954.6,382,Much Ado About Nothing,Adult Professional;Professional,21043,12182,9,0.999,,,
A11954.9,393,The Merchant of Venice (The Jew of Venice),Adult Professional;Professional,21041,11867,7,0.999,,,
A11954.13,872,"Twelfth Night, or What You Will",Adult Professional;Professional,19905,11392,16,0.999,,,
A11954.14,874,The Winter's Tale,Adult Professional;Professional,25556,14188,17,0.999,,,
A11954.15,876,King John,Adult Professional;Professional,20862,10969,9,0.999,,,
A11954.23,287,Richard the Third,Adult Professional;Professional,28830,15293,12,0.999,,,
A11954.28,294,Romeo and Juliet,Adult Professional;Professional,24245,12874,11,0.999,,,
A11954.30,886,Julius Caesar,Adult Professional;Professional,19614,10812,13,0.999,,,
A11954.32,453,"Hamlet, Prince of Denmark",Adult Professional;Professional,28516,15644,16,0.999,,,
A11954.33,625,King Lear,Adult Professional;Professional,23869,12635,14,0.999,,,
A11966,300,1 Henry the Fourth,Adult Professional;Professional,24209,13144,9,0.999,,,
A11978,623,King Lear,Adult Professional;Professional,24773,13241,14,0.999,,,
A11981,392,The Merchant of Venice (The Jew of Venice),Adult Professional;Professional,21203,11907,9,0.999,,,
A11991,381,Much Ado About Nothing,Adult Professional;Professional,20972,12111,7,0.999,,,
A11994,273,Richard the Second,Adult Professional;Professional,20576,10576,6,0.999,,,
A12021,657,Troilus and Cressida,Adult Professional;Professional,25322,13328,14,0.999,,,
A12030,640,A Yorkshire Tragedy,Professional;Adult Professional,5728,2940,4,0.999,,,
A12078,596,The Fleer,Boys Professional;Professional,16113,8847,7,0.999,,,
A12128,1002,The Bird in a Cage (The Beauties),Adult Professional;Professional,18869,10281,9,0.999,,,
A12130,1146,The Constant Maid (Love Will Find Out the Way),Adult Professional;Professional,16290,9047,13,0.999,,,
A12131,995,The Contention for Honor and Riches,Private;Nonprofessional,5712,3162,2,0.999,,,
A12133,1125,The Coronation,Adult Professional;Professional,16265,8951,11,0.999,,,
A12136,1054,The Example,Adult Professional;Professional,17840,9725,13,0.999,,,
A12137,1056,The Gamester,Adult Professional;Professional,20243,11394,10,0.999,,,
A12138,928,The Grateful Servant (The Faithful Servant),Adult Professional;Professional,19249,10784,15,0.999,,,
A12140,1050,Hyde Park,Adult Professional;Professional,16315,9148,6,0.999,,,
A12149,1136,The Arcadia,Adult Professional;Professional,17901,9802,14,0.999,,,
A12150,1075,The Royal Master,Adult Professional;Professional,17722,9986,14,0.999,,,
A12151,1147,1 Saint Patrick for Ireland,Adult Professional;Professional,16942,9187,13,0.999,,,
A12154,1027,The Traitor,Adult Professional;Professional,19274,10319,14,0.999,,,
A12157,1000,The Witty Fair One,Adult Professional;Professional,17166,9514,10,0.999,,,
A12813,824,"Tes Irenes Trophaea, or The Triumphs of Peace",Occasional;Nonprofessional,2881,1380,2,0.999,,,
A13062,207,Jack Straw,Adult Professional;Professional,7883,4279,4,0.999,,,
A13358,226,The Taming of a Shrew,Adult Professional;Professional,12313,6965,9,0.999,,,
A13840,686,"The Atheist's Tragedy, or The Honest Man's Revenge",Adult Professional;Professional,21101,10966,8,0.999,,,
A13846,969,Albion's Triumph,Occasional;Nonprofessional,3032,1498,1,0.999,,,
A13848,970,Tempe Restored  (Tempe Restauratum),Occasional;Nonprofessional,3143,1560,2,0.999,,,
A13962,86,The Trial of Treasure,Interlude;Nonprofessional,9399,5042,7,0.999,,,
A14869,857,The Devil's Law Case (When Women Go to Law the Devil Is Full of Business),Adult Professional;Professional,22965,12827,14,0.999,,,
A15352,586,The Miseries of Enforced Marriage,Adult Professional;Professional,23658,13084,10,0.999,,,
A15515,238,The Cobbler's Prophecy,Adult Professional;Professional,11948,6151,5,0.999,,,
A15979,67,Albion Knight,Interlude;Nonprofessional,2987,1623,2,0.999,,,
A16527.3,608,The Alexandraean Tragedy,Closet/Unacted;Nonprofessional,27750,13549,15,0.999,,,
A16527.4,611,Julius Caesar,Closet/Unacted;Nonprofessional,25431,12125,13,0.999,,,
A16564.2,448,Darius,Closet/Unacted;Nonprofessional,18263,9041,8,0.999,,,
A16564.4,613,Julius Caesar,Closet/Unacted;Nonprofessional,25968,12306,7,0.999,,,
A17342,1042,The Presentment of Bushell's Rock (Royal Entertainment at Enstone),Occasional;Nonprofessional,1766,885,1,0.999,,,
A17460,822,"The Two Merry Milkmaids, or The Best Words Wear the Garland",Adult Professional;Professional,26919,15376,20,0.999,,,
A18331,952,The Spanish Bawd (Calisto and Meliboea) (Celestina),Translation;Nonprofessional;Closet/Unacted,99031,58621,36,0.999,,,
A18404.1,647,The Conspiracy of Charles Duke of Byron,Boys Professional;Professional,16398,8961,8,0.999,,,
A18407,514,Eastward Ho,Boys Professional;Professional,24152,13180,19,0.999,,,
A18421,710,The Revenge of Bussy D'Ambois,Boys Professional;Professional,19999,10685,11,0.999,,,
A18423,813,Two Wise Men and All the Rest Fools,Nonprofessional;Private;University/Inns of Court,34046,20100,28,0.999,,,
A18425,958,Caesar and Pompey (The Wars of Caesar and Pompey),Adult Professional;Professional;Closet/Unacted,16974,8751,9,0.999,,,
A18426,699,The Widow's Tears,Boys Professional;Professional,21680,11731,13,0.999,,,
A18729,128,The Entertainment in Suffolk and Norfolk (Royal Entry of Queen Elizabeth into Norwich),Occasional;Nonprofessional,16245,7854,5,0.999,,,
A19347,1150,2 The Cid,Nonprofessional;Professional;Closet/Unacted,11932,6895,4,0.999,,,
A19479,1076,Love's Riddle,Nonprofessional;Boys Nonprofessional/School;Closet/Unacted,21064,11917,14,0.999,,,
A19738,250,"The Wars of Cyrus, King of Persia",Boys Professional;Professional,12932,6622,9,0.999,,,
A19750,1133,"The Knave in Grain, New Vamped",Adult Professional;Professional,23203,12632,16,0.999,,,
A19755,1117,The Bloody Banquet,Boys Professional;Professional,14531,7473,9,0.999,,,
A19757,698,A Christian Turned Turk (The Two Famous Pirates),Boys Professional;Professional,19063,10060,9,0.999,,,
A19835,534,The Queen's Arcadia (Arcadia Reformed),University/Inns of Court;Nonprofessional,20564,11858,16,0.999,,,
A19877,927,The Just Italian,Adult Professional;Professional,16033,7912,10,0.999,,,
A19976,555,The Isle of Gulls,Boys Professional;Professional,21094,11218,8,0.999,,,
A20100,602,Westward Ho,Boys Professional;Professional,22532,11899,14,0.999,,,
A21144,271,The Reign of King Edward the Third,Adult Professional;Professional,19505,10186,10,0.999,,,
A21328,205,"Fair Em, the Miller's Daughter of Manchester",Adult Professional;Professional,11586,6571,4,0.999,,,
A68278.1,170,1 The Troublesome Reign of King John,Adult Professional;Professional,13479,6817,9,0.999,,,
A68488,761,"Chrysanaleia: The Golden Fishing, or Honor of Fishmongers",Occasional;Nonprofessional,3491,1666,1,0.999,,,
A68727,391,The Merchant of Venice (The Jew of Venice),Adult Professional;Professional,19414,10846,7,0.999,,,
A69188.1,556,The Isle of Gulls,Boys Professional;Professional,20716,11101,8,0.999,,,
A72473.2.1.5,1165,For the Honor of Wales,Occasional;Nonprofessional,3389,1769,1,0.999,,,
A72473.2.1.6,1166,News from the New World Discovered in the Moon,Occasional;Nonprofessional,2914,1621,1,0.999,,,
A72473.2.1.14,950,Love's Triumph Through Callipolis,Occasional;Nonprofessional,1409,685,1,0.999,,,
A72473.2.1.15,968,Chloridia: Rites to Chloris and Her Nymphs,Occasional;Nonprofessional,1981,997,1,0.999,,,
A72473.3.1,1172,"The Magnetic Lady, or Humors Reconciled",Adult Professional;Professional,22992,12459,11,0.999,,,
A72473.3.2,1173,A Tale of a Tub,Adult Professional;Professional,22254,11719,11,0.999,,,
A73300,1021,The Triumphs of Fame and Honor,Occasional;Nonprofessional,3999,1913,1,0.999,,,
A73704,1022,Coelum Britannicum (The British Heaven),Occasional;Nonprofessional,8192,3870,4,0.999,,,
B07101,1012,The Triumph of Peace,Occasional;Nonprofessional;University/Inns of Court,5689,2758,3,0.999,,,
B14290,422,"Poetaster, or The Arraignment",Boys Professional;Professional,25372,13425,18,0.999,,,
A02226.5,656,Mustapha,Closet/Unacted;Nonprofessional,21066,10155,1,1.0,,,
A04632.13.3,771,"The Royal Entertainment at Theobalds, 1607 (The Genius)",Occasional;Nonprofessional,478,261,0,1.0,,,
A04632.13.0,463,The Royal Entertainment of the Queen and Prince at Althorp (The Satyr),Occasional;Nonprofessional,1686,933,0,1.0,,,
A04632.14.1,632,The Masque of Blackness (The Twelfth Night's Revels),Occasional;Nonprofessional,1305,619,0,1.0,,,
A04632.14.6,773,Prince Henry's Barriers  (The Lady of the Lake) (Merlin and Meliadus),Occasional;Nonprofessional,283,152,0,1.0,,,
A04655,949,Love's Triumph Through Callipolis,Occasional;Nonprofessional,1237,623,0,1.0,,,
A04889,270,A Knack to Know an Honest Man,Adult Professional;Professional,12874,6473,3,1.0,,,
A06150,712,The Masque of the Inner Temple and Gray's Inn (Wedding Masque of Olympian Knights),Occasional;Nonprofessional;University/Inns of Court,2892,1437,0,1.0,,,
A06619,179,Gallathea,Boys Professional;Professional,13199,7390,2,1.0,,,
A07329,965,"Antigone, the Theban Princess",Closet/Unacted;Nonprofessional,11857,5772,2,1.0,,,
A10730,242,The True Tragedy of Richard the Third,Adult Professional;Professional,19563,10862,4,1.0,,,
A11954.8,387,A Midsummer Night's Dream,Adult Professional;Professional,16326,8764,4,1.0,,,
A11954.34,839,"Othello, the Moor of Venice",Adult Professional;Professional,26599,14815,5,1.0,,,
A11989,385,A Midsummer Night's Dream,Adult Professional;Professional,16281,8686,2,1.0,,,
A12001,281,Richard the Third,Adult Professional;Professional,26855,14450,5,1.0,,,
A12129,980,"Changes, or Love in a Maze",Professional;Boys Professional,19437,11158,5,1.0,,,
A12143,1126,Love's Cruelty,Adult Professional;Professional,16669,9485,4,1.0,,,
A12158,1052,The Young Admiral,Adult Professional;Professional,17897,9754,3,1.0,,,
A13611,153,Andria (The Woman from Andros),Translation;Nonprofessional;Closet/Unacted,16810,9613,3,1.0,,,
A15516,261,The Pedlar's Prophecy,Interlude;Nonprofessional,13563,7776,2,1.0,,,
A16564.1,493,Croesus,Closet/Unacted;Nonprofessional,24163,11531,2,1.0,,,
A16564.3,610,The Alexandraean Tragedy,Closet/Unacted;Nonprofessional,28333,13706,3,1.0,,,
A17968,917,The Deserving Favorite,Adult Professional;Professional,26127,15802,5,1.0,,,
A19829,736,Hymen's Triumph,Occasional;Nonprofessional,15149,8806,3,1.0,,,
A19837,486,The Vision of the Twelve Goddesses (The Masque at Hampton Court),Occasional;Nonprofessional,1485,708,0,1.0,,,
A19838,487,The Vision of the Twelve Goddesses (The Masque at Hampton Court),Occasional;Nonprofessional,1491,709,0,1.0,,,
A19882,1031,The Triumphs of the Prince d'Amour,Occasional;Nonprofessional;University/Inns of Court,2524,1205,0,1.0,,,
A72473.2.1.3,1163,The Vision of Delight,Occasional;Nonprofessional,1724,936,0,1.0,,,
A72473.2.1.4,1164,Pleasure Reconciled to Virtue,Occasional;Nonprofessional,2341,1303,0,1.0,,,
B14287,789,Lovers Made Men (The Masque at Lord Hay's),Occasional;Nonprofessional,870,473,0,1.0,,,
